"SVAD_identifier","known_age","point_est","lower95","upper95","type","type2","resid","abs_resid"
"US_0915",1.087671233,1.17,0.91,1.48,"sixvar","cindep",-0.0823287669999999,0.0823287669999999
"US_0617",0.830136986,0.78,0.58,1.03,"sixvar","cindep",0.0501369859999999,0.0501369859999999
"US_0092",0.219178082,0.34,0.17,0.56,"sixvar","cindep",-0.120821918,0.120821918
"US_0372",0.394520548,0.46,0.28,0.68,"sixvar","cindep",-0.065479452,0.065479452
"US_1100",0.153424658,0.26,0.11,0.46,"sixvar","cindep",-0.106575342,0.106575342
"US_0373",1.052054795,1.23,0.96,1.55,"sixvar","cindep",-0.177945205,0.177945205
"US_0908",0.065753425,0.07,0.01,0.18,"sixvar","cindep",-0.004246575,0.004246575
"US_0429",0.523287671,0.36,0.2,0.55,"sixvar","cindep",0.163287671,0.163287671
"US_0929",1.421917808,1.18,0.92,1.49,"sixvar","cindep",0.241917808,0.241917808
"US_0830",0.019178082,0.07,0.01,0.18,"sixvar","cindep",-0.050821918,0.050821918
"US_1059",0.169863014,0.09,0.02,0.21,"sixvar","cindep",0.079863014,0.079863014
"US_0204",4.139726027,3.9,3.29,4.62,"sixvar","cindep",0.239726027,0.239726027
"US_1051",0.117808219,0.17,0.06,0.34,"sixvar","cindep",-0.052191781,0.052191781
"US_0391",3.2,2.86,2.39,3.42,"sixvar","cindep",0.34,0.34
"US_1027",4.824657534,5.56,4.61,6.68,"sixvar","cindep",-0.735342466,0.735342466
"US_0361",0.282191781,0.3,0.15,0.49,"sixvar","cindep",-0.017808219,0.017808219
"US_0041",0.893150685,0.67,0.47,0.91,"sixvar","cindep",0.223150685,0.223150685
"US_0307",1.909589041,2.32,1.9,2.81,"sixvar","cindep",-0.410410959,0.410410959
"US_0459",0.104109589,0.13,0.03,0.28,"sixvar","cindep",-0.025890411,0.025890411
"US_0590",3.449315068,2.86,2.39,3.41,"sixvar","cindep",0.589315068,0.589315068
"US_0645",3.032876712,2.99,2.5,3.56,"sixvar","cindep",0.042876712,0.042876712
"US_0025",2.967123288,2.55,2.11,3.07,"sixvar","cindep",0.417123288,0.417123288
"US_0737",1.876712329,1.7,1.37,2.08,"sixvar","cindep",0.176712329,0.176712329
"US_0200",2.969863014,3.38,2.85,3.99,"sixvar","cindep",-0.410136986,0.410136986
"US_0008",0.446575342,0.35,0.19,0.55,"sixvar","cindep",0.096575342,0.096575342
"US_0854",0.219178082,0.24,0.1,0.43,"sixvar","cindep",-0.020821918,0.020821918
"US_0016",0.35890411,0.21,0,0.81,"sixvar","cindep",0.14890411,0.14890411
"US_1127",1.61369863,1.87,1.41,2.43,"sixvar","cindep",-0.25630137,0.25630137
"US_1311",0.254794521,0.28,0.14,0.47,"sixvar","cindep",-0.025205479,0.025205479
"US_1198",1.97260274,2.06,1.68,2.51,"sixvar","cindep",-0.0873972600000001,0.0873972600000001
"US_1247",20.26575342,14.71,10.94,18.77,"sixvar","cindep",5.55575342,5.55575342
"US_0171",13.16438356,14.62,11.93,17.76,"sixvar","cindep",-1.45561644,1.45561644
"US_0939",1.884931507,2.07,1.7,2.5,"sixvar","cindep",-0.185068493,0.185068493
"US_0384",7.208219178,6.89,5.88,8.08,"sixvar","cindep",0.318219178000001,0.318219178000001
"US_0553",8.871232877,10.17,8.66,12.02,"sixvar","cindep",-1.298767123,1.298767123
"US_1092",0.128767123,0.08,0.01,0.2,"sixvar","cindep",0.048767123,0.048767123
"US_0113",13.23561644,14.51,10.39,18.72,"sixvar","cindep",-1.27438356,1.27438356
"US_0630",0.410958904,0.45,0.27,0.67,"sixvar","cindep",-0.039041096,0.039041096
"US_1155",0,0,0,0.03,"sixvar","cindep",0,0
"US_1302",0.660273973,0.48,0.31,0.69,"sixvar","cindep",0.180273973,0.180273973
"US_0086",5.347945205,6.45,5.48,7.59,"sixvar","cindep",-1.102054795,1.102054795
"US_0799",0.17260274,0.25,0.11,0.43,"sixvar","cindep",-0.07739726,0.07739726
"US_0687",0.863013699,1,0.76,1.28,"sixvar","cindep",-0.136986301,0.136986301
"US_1322",0.495890411,0.49,0.32,0.7,"sixvar","cindep",0.00589041099999998,0.00589041099999998
"US_1204",1.049315068,0.99,0.75,1.29,"sixvar","cindep",0.0593150680000001,0.0593150680000001
"US_0434",1.589041096,1.96,1.58,2.4,"sixvar","cindep",-0.370958904,0.370958904
"US_0011",3.153424658,3.28,2.75,3.9,"sixvar","cindep",-0.126575342,0.126575342
"US_0111",3.04109589,3.1,2.57,3.72,"sixvar","cindep",-0.0589041100000003,0.0589041100000003
"US_0472",3.654794521,4,3.35,4.75,"sixvar","cindep",-0.345205479,0.345205479
"US_0335",4.312328767,4.58,3.84,5.44,"sixvar","cindep",-0.267671233,0.267671233
"US_1224",5.706849315,6.25,5.37,7.28,"sixvar","cindep",-0.543150685,0.543150685
"US_0958",5.961643836,6.01,5.18,6.97,"sixvar","cindep",-0.0483561639999994,0.0483561639999994
"US_1075",7.917808219,7.28,6.04,8.77,"sixvar","cindep",0.637808219,0.637808219
"US_0357",7.890410959,8.9,7.45,10.69,"sixvar","cindep",-1.009589041,1.009589041
"US_0320",9,9.46,8.04,11.2,"sixvar","cindep",-0.460000000000001,0.460000000000001
"US_1170",9.112328767,8.11,6.83,9.63,"sixvar","cindep",1.002328767,1.002328767
"US_0594",11.9890411,14.41,10.65,18.55,"sixvar","cindep",-2.4209589,2.4209589
"US_0587",12.9890411,14.71,10.94,18.77,"sixvar","cindep",-1.7209589,1.7209589
"US_0591",13.6630137,13.23,9.37,17.8,"sixvar","cindep",0.4330137,0.4330137
"US_0847",13.69863014,14.41,10.65,18.55,"sixvar","cindep",-0.71136986,0.71136986
"US_0669",1.095890411,1.09,0.84,1.39,"sixvar","cindep",0.00589041099999998,0.00589041099999998
"US_0286",1.726027397,2.05,1.66,2.5,"sixvar","cindep",-0.323972603,0.323972603
"US_0692",1.654794521,2.08,1.71,2.51,"sixvar","cindep",-0.425205479,0.425205479
"US_1035",1.273972603,2.06,1.58,2.62,"sixvar","cindep",-0.786027397,0.786027397
"US_0796",1.621917808,1.14,0.88,1.46,"sixvar","cindep",0.481917808,0.481917808
"US_0256",14.36986301,14.71,10.94,18.77,"sixvar","cindep",-0.340136990000001,0.340136990000001
"US_1099",14.47945205,15.18,12.22,18.52,"sixvar","cindep",-0.700547949999999,0.700547949999999
"US_1015",14.66027397,14.71,10.94,18.77,"sixvar","cindep",-0.0497260300000004,0.0497260300000004
"US_0421",15.04109589,14.71,10.94,18.77,"sixvar","cindep",0.331095889999999,0.331095889999999
"US_0496",15.0739726,14.71,10.94,18.77,"sixvar","cindep",0.363972599999999,0.363972599999999
"US_0130",15.08493151,14.71,10.94,18.77,"sixvar","cindep",0.37493151,0.37493151
"US_1255",16.07945205,17.28,11.68,21.53,"sixvar","cindep",-1.20054795,1.20054795
"US_0686",16.90684932,14.71,10.94,18.77,"sixvar","cindep",2.19684932,2.19684932
"US_0710",16.98356164,14.41,10.65,18.55,"sixvar","cindep",2.57356164,2.57356164
"US_0944",17.73424658,14.71,10.94,18.77,"sixvar","cindep",3.02424658,3.02424658
"US_0504",18.49315068,14.71,10.94,18.77,"sixvar","cindep",3.78315068,3.78315068
"US_0579",18.50684932,14.71,10.94,18.77,"sixvar","cindep",3.79684932,3.79684932
"US_0180",18.86027397,14.71,10.94,18.77,"sixvar","cindep",4.15027397,4.15027397
"US_0606",19.01643836,14.71,10.94,18.77,"sixvar","cindep",4.30643836,4.30643836
"US_0696",19.02191781,14.71,10.94,18.77,"sixvar","cindep",4.31191781,4.31191781
"US_1306",15.91238877,14.71,10.94,18.77,"sixvar","cindep",1.20238877,1.20238877
"US_1319",16.54246575,14.71,10.94,18.77,"sixvar","cindep",1.83246575,1.83246575
"US_0152",16.60547945,14.71,10.94,18.77,"sixvar","cindep",1.89547945,1.89547945
"US_1185",20.6630137,14.71,10.94,18.77,"sixvar","cindep",5.9530137,5.9530137
"US_0843",15.24657534,14.41,10.65,18.55,"sixvar","cindep",0.83657534,0.83657534
"US_0458",0.139726027,0.23,0.1,0.41,"sixvar","cindep",-0.090273973,0.090273973
"US_0066",0.550308008,0.77,0.56,1.03,"sixvar","cindep",-0.219691992,0.219691992
"US_1236",0.62696783,0.74,0.53,0.98,"sixvar","cindep",-0.11303217,0.11303217
"US_1183",0.635616438,0.69,0.49,0.94,"sixvar","cindep",-0.0543835619999999,0.0543835619999999
"US_0022",0.704109589,0.82,0.61,1.08,"sixvar","cindep",-0.115890411,0.115890411
"US_0599",0.947945205,0.97,0.68,1.32,"sixvar","cindep",-0.022054795,0.022054795
"US_1003",0.194387406,0.26,0.12,0.45,"sixvar","cindep",-0.065612594,0.065612594
"US_0517",0.145106092,0.16,0.05,0.32,"sixvar","cindep",-0.014893908,0.014893908
"US_0935",20.29041096,14.42,10.05,18.7,"sixvar","cindep",5.87041096,5.87041096
"US_0858",20.14520548,14.71,10.94,18.77,"sixvar","cindep",5.43520548,5.43520548
"US_0987",20.43013699,14.71,10.94,18.77,"sixvar","cindep",5.72013699,5.72013699
"US_1032",16.8,14.71,10.94,18.77,"sixvar","cindep",2.09,2.09
"US_0821",15.60821918,17.28,11.68,21.53,"sixvar","cindep",-1.67178082,1.67178082
"US_1225",20.86575342,14.71,10.94,18.77,"sixvar","cindep",6.15575342,6.15575342
"US_0287",19.90136986,14.71,10.94,18.77,"sixvar","cindep",5.19136986,5.19136986
"US_0997",17.0109589,14.71,10.94,18.77,"sixvar","cindep",2.3009589,2.3009589
"US_1283",16.49315068,14.71,10.94,18.77,"sixvar","cindep",1.78315068,1.78315068
"US_0487",0.432876712,0.51,0.33,0.72,"sixvar","cindep",-0.077123288,0.077123288
"US_0418",20.60273973,14.71,10.94,18.77,"sixvar","cindep",5.89273973,5.89273973
"US_0160",19.76712329,14.71,10.94,18.77,"sixvar","cindep",5.05712329,5.05712329
"US_0380",19.54794521,14.71,10.94,18.77,"sixvar","cindep",4.83794521,4.83794521
"US_0777",17.17260274,14.71,10.94,18.77,"sixvar","cindep",2.46260274,2.46260274
"US_0940",19.59452055,14.71,10.94,18.77,"sixvar","cindep",4.88452055,4.88452055
"US_1137",16.24109589,14.71,10.94,18.77,"sixvar","cindep",1.53109589,1.53109589
"US_0305",19.25,14.71,10.94,18.77,"sixvar","cindep",4.54,4.54
"US_0720",17.61643836,14.71,10.94,18.77,"sixvar","cindep",2.90643836,2.90643836
"US_1068",17.6630137,14.71,10.94,18.77,"sixvar","cindep",2.9530137,2.9530137
"US_1036",3.846575342,3.56,2.98,4.22,"sixvar","cindep",0.286575342,0.286575342
"US_0739",20.49589041,17.23,11.37,21.53,"sixvar","cindep",3.26589041,3.26589041
"US_0397",18.79452055,14.71,10.94,18.77,"sixvar","cindep",4.08452055,4.08452055
"US_0060",15.90958904,13.5,10.92,16.68,"sixvar","cindep",2.40958904,2.40958904
"US_0920",3.093150685,3.01,2.39,3.74,"sixvar","cindep",0.0831506850000001,0.0831506850000001
"US_1298",13.71506849,14.71,10.94,18.77,"sixvar","cindep",-0.994931510000001,0.994931510000001
"US_1228",13.1890411,14.71,10.94,18.77,"sixvar","cindep",-1.5209589,1.5209589
"US_0963",15.63013699,17.28,11.68,21.53,"sixvar","cindep",-1.64986301,1.64986301
"US_0923",19.57260274,14.71,10.94,18.77,"sixvar","cindep",4.86260274,4.86260274
"US_0751",20.17534247,14.71,10.94,18.77,"sixvar","cindep",5.46534247,5.46534247
"US_0266",19.78630137,14.71,10.94,18.77,"sixvar","cindep",5.07630137,5.07630137
"US_0370",19.29315068,14.71,10.94,18.77,"sixvar","cindep",4.58315068,4.58315068
"US_1267",15.97534247,14.71,10.94,18.77,"sixvar","cindep",1.26534247,1.26534247
"US_0225",15.51506849,17.28,11.68,21.53,"sixvar","cindep",-1.76493151,1.76493151
"US_0913",18.6630137,14.71,10.94,18.77,"sixvar","cindep",3.9530137,3.9530137
"US_0479",19.28219178,14.71,10.94,18.77,"sixvar","cindep",4.57219178,4.57219178
"US_0716",18.50958904,14.71,10.94,18.77,"sixvar","cindep",3.79958904,3.79958904
"US_1300",18.36438356,17.28,11.68,21.53,"sixvar","cindep",1.08438356,1.08438356
"US_1055",20.64109589,17.28,11.68,21.53,"sixvar","cindep",3.36109589,3.36109589
"US_1001",0.019178082,0,0,0.02,"sixvar","cindep",0.019178082,0.019178082
"US_0596",0.032876712,0.01,0,0.05,"sixvar","cindep",0.022876712,0.022876712
"US_0795",20.44383562,17.28,11.68,21.53,"sixvar","cindep",3.16383562,3.16383562
"US_0813",0.032876712,0.12,0.02,0.27,"sixvar","cindep",-0.087123288,0.087123288
"US_0215",0,0.01,0,0.07,"sixvar","cindep",-0.01,0.01
"US_0005",20.11232877,17.28,11.68,21.53,"sixvar","cindep",2.83232877,2.83232877
"US_0463",19.87123288,17.28,11.68,21.53,"sixvar","cindep",2.59123288,2.59123288
"US_0440",19.38082192,17.28,11.68,21.53,"sixvar","cindep",2.10082192,2.10082192
"US_1292",20.5890411,17.28,11.68,21.53,"sixvar","cindep",3.3090411,3.3090411
"US_0979",17.87945205,17.28,11.68,21.53,"sixvar","cindep",0.59945205,0.59945205
"US_0298",11.35934292,17.28,11.68,21.53,"sixvar","cindep",-5.92065708,5.92065708
"US_0299",20.09863014,14.71,10.94,18.77,"sixvar","cindep",5.38863014,5.38863014
"US_0258",17.50034223,14.71,10.94,18.77,"sixvar","cindep",2.79034223,2.79034223
"US_1209",4.03559206,5.06,3.96,6.37,"sixvar","cindep",-1.02440794,1.02440794
"US_1105",4.057494867,4.21,3.56,4.97,"sixvar","cindep",-0.152505133,0.152505133
"US_0545",3.709787817,4.53,3.81,5.36,"sixvar","cindep",-0.820212183,0.820212183
"US_0399",19.94246575,17.28,11.68,21.53,"sixvar","cindep",2.66246575,2.66246575
"US_1043",19.44657534,17.28,11.68,21.53,"sixvar","cindep",2.16657534,2.16657534
"US_0426",17.73853525,17.28,11.68,21.53,"sixvar","cindep",0.458535250000001,0.458535250000001
"US_1118",15.77823409,17.28,11.68,21.53,"sixvar","cindep",-1.50176591,1.50176591
"US_1174",10.32717317,9.59,8.15,11.35,"sixvar","cindep",0.73717317,0.73717317
"US_0820",2.253251198,1.99,1.61,2.44,"sixvar","cindep",0.263251198,0.263251198
"US_0912",13.86447639,15.2,12.51,18.28,"sixvar","cindep",-1.33552361,1.33552361
"US_1312",13.46748802,14.63,11.96,17.76,"sixvar","cindep",-1.16251198,1.16251198
"US_0456",16.63791923,17.28,11.68,21.53,"sixvar","cindep",-0.64208077,0.64208077
"US_0408",17.21013005,17.28,11.68,21.53,"sixvar","cindep",-0.0698699500000011,0.0698699500000011
"US_0561",1.032169747,1.1,0.78,1.49,"sixvar","cindep",-0.0678302530000001,0.0678302530000001
"US_0477",1.149897331,1.11,0.81,1.45,"sixvar","cindep",0.0398973309999999,0.0398973309999999
"US_0628",0.585900068,0.58,0.37,0.84,"sixvar","cindep",0.00590006800000009,0.00590006800000009
"US_1115",0.490075291,0.62,0.4,0.88,"sixvar","cindep",-0.129924709,0.129924709
"US_1231",0.709103354,0.81,0.57,1.11,"sixvar","cindep",-0.100896646,0.100896646
"US_0196",0.082135524,0.07,0.01,0.2,"sixvar","cindep",0.012135524,0.012135524
"US_0328",18.46849315,17.28,11.68,21.53,"sixvar","cindep",1.18849315,1.18849315
"US_1240",16.63518138,17.28,11.68,21.53,"sixvar","cindep",-0.644818620000002,0.644818620000002
"US_1296",18.00684463,17.28,11.68,21.53,"sixvar","cindep",0.726844629999999,0.726844629999999
"US_0489",15.25256674,14.71,10.94,18.77,"sixvar","cindep",0.54256674,0.54256674
"US_0004",3.832991102,3.75,3.17,4.42,"sixvar","cindep",0.0829911019999998,0.0829911019999998
"US_1169",12.55578371,11.78,9.48,14.87,"sixvar","cindep",0.775783710000001,0.775783710000001
"US_0046",9.620807666,13.23,9.37,17.8,"sixvar","cindep",-3.609192334,3.609192334
"US_0455",6.499657769,5.73,4.8,6.82,"sixvar","cindep",0.769657768999999,0.769657768999999
"US_0942",9.210130048,8.57,7.25,10.19,"sixvar","cindep",0.640130048,0.640130048
"US_1161",12.10951403,17.28,11.68,21.53,"sixvar","cindep",-5.17048597,5.17048597
"US_1089",12.83230664,14.41,10.65,18.55,"sixvar","cindep",-1.57769336,1.57769336
"US_0389",6.767967146,6.46,5.11,8.08,"sixvar","cindep",0.307967146,0.307967146
"US_0311",14.091718,14.99,12.3,18.1,"sixvar","cindep",-0.898282,0.898282
"US_1309",16.78850103,17.28,11.68,21.53,"sixvar","cindep",-0.491498970000002,0.491498970000002
"US_1184",21.04312115,17.28,11.68,21.53,"sixvar","cindep",3.76312115,3.76312115
"US_0532",19.42778919,17.28,11.68,21.53,"sixvar","cindep",2.14778919,2.14778919
"US_0886",16.17522245,17.28,11.68,21.53,"sixvar","cindep",-1.10477755,1.10477755
"US_0069",1.341546886,1.35,1.06,1.7,"sixvar","cindep",-0.00845311400000015,0.00845311400000015
"US_0646",14.57084189,14.71,10.94,18.77,"sixvar","cindep",-0.13915811,0.13915811
"US_0881",15.26625599,14.71,10.94,18.77,"sixvar","cindep",0.556255989999999,0.556255989999999
"US_0670",20.72279261,17.28,11.68,21.53,"sixvar","cindep",3.44279261,3.44279261
"US_0353",20.58042437,17.28,11.68,21.53,"sixvar","cindep",3.30042437,3.30042437
"US_1133",19.98631075,17.28,11.68,21.53,"sixvar","cindep",2.70631075,2.70631075
"US_1143",18.9596167,17.28,11.68,21.53,"sixvar","cindep",1.6796167,1.6796167
"US_1024",18.31895962,17.03,10.17,21.51,"sixvar","cindep",1.28895962,1.28895962
"US_0707",1.171800137,1.34,1.05,1.67,"sixvar","cindep",-0.168199863,0.168199863
"US_0530",1.771389459,1.72,1.37,2.12,"sixvar","cindep",0.0513894590000001,0.0513894590000001
"US_0695",4.670773443,4.22,3.36,5.24,"sixvar","cindep",0.450773443,0.450773443
"US_1239",16.57494867,14.71,10.94,18.77,"sixvar","cindep",1.86494867,1.86494867
"US_0376",15.46338125,15.81,13.08,18.83,"sixvar","cindep",-0.346618750000001,0.346618750000001
"US_0706",16.40520192,14.71,10.94,18.77,"sixvar","cindep",1.69520192,1.69520192
"US_1085",16.99110198,14.71,10.94,18.77,"sixvar","cindep",2.28110198,2.28110198
"US_0210",18.62739726,14.71,10.94,18.77,"sixvar","cindep",3.91739726,3.91739726
"US_0862",16.13963039,14.71,10.94,18.77,"sixvar","cindep",1.42963039,1.42963039
"US_0419",16.84873374,14.71,10.94,18.77,"sixvar","cindep",2.13873374,2.13873374
"US_0790",8.443531828,10.25,7.98,13.11,"sixvar","cindep",-1.806468172,1.806468172
"US_1084",18.51232877,14.71,10.94,18.77,"sixvar","cindep",3.80232877,3.80232877
"US_0244",18.65205479,14.71,10.94,18.77,"sixvar","cindep",3.94205479,3.94205479
"US_0582",19.03901437,14.71,10.94,18.77,"sixvar","cindep",4.32901437,4.32901437
"US_0965",20.06027397,14.71,10.94,18.77,"sixvar","cindep",5.35027397,5.35027397
"US_0673",20.12054795,17.28,11.68,21.53,"sixvar","cindep",2.84054795,2.84054795
"US_0442",18.80273973,14.71,10.94,18.77,"sixvar","cindep",4.09273973,4.09273973
"US_0562",7.660506502,8.86,3.29,16.53,"sixvar","cindep",-1.199493498,1.199493498
"US_0155",4.44,5.07,4.14,6.22,"sixvar","cindep",-0.63,0.63
"US_1288",20.95,14.42,10.05,18.7,"sixvar","cindep",6.53,6.53
"US_0238",19.77,14.42,10.05,18.7,"sixvar","cindep",5.35,5.35
"US_1039",18.6,14.42,10.05,18.7,"sixvar","cindep",4.18,4.18
"US_0201",0.15,0.2,0.07,0.37,"sixvar","cindep",-0.05,0.05
"US_1097",5.42,4.32,3.49,5.33,"sixvar","cindep",1.1,1.1
"US_0117",20.07,14.42,10.05,18.7,"sixvar","cindep",5.65,5.65
"US_0947",14.8,14.42,10.05,18.7,"sixvar","cindep",0.380000000000001,0.380000000000001
"US_0309",19.59,14,9.53,18.45,"sixvar","cindep",5.59,5.59
"US_0876",4.41,5.55,4.49,6.88,"sixvar","cindep",-1.14,1.14
"US_0589",0.19,0.2,0.07,0.38,"sixvar","cindep",-0.01,0.01
"US_0653",18.83,14.42,10.05,18.7,"sixvar","cindep",4.41,4.41
"US_0137",15.12,12.07,9.81,14.84,"sixvar","cindep",3.05,3.05
"US_0029",2.68,2.52,1.96,3.2,"sixvar","cindep",0.16,0.16
"US_0198",5.82,4.62,3.75,5.68,"sixvar","cindep",1.2,1.2
"US_0035",12.24,13.51,10.69,16.8,"sixvar","cindep",-1.27,1.27
"US_0787",11.06,11.54,9.35,14.28,"sixvar","cindep",-0.479999999999999,0.479999999999999
"US_0793",3.08,2.91,2.28,3.69,"sixvar","cindep",0.17,0.17
"US_0177",19.06,14,9.53,18.45,"sixvar","cindep",5.06,5.06
"US_0663",18.41,14.42,10.05,18.7,"sixvar","cindep",3.99,3.99
"US_0417",0,0.12,0.03,0.27,"sixvar","cindep",-0.12,0.12
"US_1107",20.38,14.41,2.31,21.32,"sixvar","cindep",5.97,5.97
"US_0428",4.45,4.6,3.73,5.67,"sixvar","cindep",-0.149999999999999,0.149999999999999
"US_0524",2.19,3.06,2.4,3.87,"sixvar","cindep",-0.87,0.87
"US_0179",4.27,4.37,3.5,5.45,"sixvar","cindep",-0.100000000000001,0.100000000000001
"US_0075",0.22,0.34,0.17,0.56,"sixvar","cindep",-0.12,0.12
"US_0508",15.26,14,9.53,18.45,"sixvar","cindep",1.26,1.26
"US_1018",12.88,14,9.53,18.45,"sixvar","cindep",-1.12,1.12
"US_0554",17.27,14.42,10.05,18.7,"sixvar","cindep",2.85,2.85
"US_0931",0.43,0.35,0.18,0.58,"sixvar","cindep",0.08,0.08
"US_0600",18.1,14.42,10.05,18.7,"sixvar","cindep",3.68,3.68
"US_0819",0.62,0.85,0.57,1.2,"sixvar","cindep",-0.23,0.23
"US_0857",18.84,14,9.53,18.45,"sixvar","cindep",4.84,4.84
"US_0983",20.61,14.42,10.05,18.7,"sixvar","cindep",6.19,6.19
"US_0087",0.34,0.34,0.17,0.56,"sixvar","cindep",0,0
"US_0359",19.17,14,9.53,18.45,"sixvar","cindep",5.17,5.17
"US_0868",0.53,0.59,0.36,0.88,"sixvar","cindep",-0.0599999999999999,0.0599999999999999
"US_0135",1.46,1.74,1.32,2.26,"sixvar","cindep",-0.28,0.28
"US_0724",1.24,1.12,0.79,1.52,"sixvar","cindep",0.12,0.12
"US_1210",3.75,5.19,3.82,6.98,"sixvar","cindep",-1.44,1.44
"US_1299",0.19,0.24,0.1,0.44,"sixvar","cindep",-0.05,0.05
"US_1179",1.63,1.15,0.82,1.56,"sixvar","cindep",0.48,0.48
"US_0616",9.94,10.76,8.71,13.42,"sixvar","cindep",-0.82,0.82
"US_1263",0.18,0.21,0.08,0.4,"sixvar","cindep",-0.03,0.03
"US_1199",0.85,0.97,0.67,1.35,"sixvar","cindep",-0.12,0.12
"US_0807",18.04,14,9.53,18.45,"sixvar","cindep",4.04,4.04
"US_0182",12.29,11.89,9.17,15.3,"sixvar","cindep",0.399999999999999,0.399999999999999
"US_0547",0.36,0.56,0.33,0.84,"sixvar","cindep",-0.2,0.2
"US_0996",0.55,0.43,0.23,0.68,"sixvar","cindep",0.12,0.12
"US_0444",0.27,0.16,0.05,0.32,"sixvar","cindep",0.11,0.11
"US_0760",16.37,14.42,10.05,18.7,"sixvar","cindep",1.95,1.95
"US_1101",2.11,2.01,1.54,2.58,"sixvar","cindep",0.1,0.1
"US_0330",19.8,14.42,10.05,18.7,"sixvar","cindep",5.38,5.38
"US_1321",3.44,2.44,1.91,3.08,"sixvar","cindep",1,1
"US_0915",1.087671233,1.26,0.89,1.71,"sixvar","cdep",-0.172328767,0.172328767
"US_0617",0.830136986,0.82,0.54,1.17,"sixvar","cdep",0.010136986,0.010136986
"US_0092",0.219178082,0.32,0.14,0.58,"sixvar","cdep",-0.100821918,0.100821918
"US_0372",0.394520548,0.46,0.25,0.74,"sixvar","cdep",-0.065479452,0.065479452
"US_1100",0.153424658,0.26,0.1,0.49,"sixvar","cdep",-0.106575342,0.106575342
"US_0373",1.052054795,1.18,0.83,1.62,"sixvar","cdep",-0.127945205,0.127945205
"US_0908",0.065753425,0.06,0.01,0.19,"sixvar","cdep",0.00575342500000001,0.00575342500000001
"US_0429",0.523287671,0.35,0.17,0.6,"sixvar","cdep",0.173287671,0.173287671
"US_0929",1.421917808,1.29,0.92,1.75,"sixvar","cdep",0.131917808,0.131917808
"US_0830",0.019178082,0.08,0,0.22,"sixvar","cdep",-0.060821918,0.060821918
"US_1059",0.169863014,0.09,0.01,0.23,"sixvar","cdep",0.079863014,0.079863014
"US_0204",4.139726027,4.23,3.45,5.3,"sixvar","cdep",-0.0902739730000004,0.0902739730000004
"US_1051",0.117808219,0.16,0.04,0.35,"sixvar","cdep",-0.042191781,0.042191781
"US_0391",3.2,2.91,2.32,3.72,"sixvar","cdep",0.29,0.29
"US_1027",4.824657534,5.51,4.39,6.84,"sixvar","cdep",-0.685342466,0.685342466
"US_0361",0.282191781,0.29,0.12,0.52,"sixvar","cdep",-0.00780821900000001,0.00780821900000001
"US_0041",0.893150685,0.74,0.47,1.09,"sixvar","cdep",0.153150685,0.153150685
"US_0307",1.909589041,1.71,1.42,2.02,"sixvar","cdep",0.199589041,0.199589041
"US_0459",0.104109589,0.15,0.03,0.33,"sixvar","cdep",-0.045890411,0.045890411
"US_0590",3.449315068,2.96,2.36,3.74,"sixvar","cdep",0.489315068,0.489315068
"US_0645",3.032876712,2.98,2.41,3.77,"sixvar","cdep",0.0528767120000002,0.0528767120000002
"US_0025",2.967123288,2.68,2.09,3.44,"sixvar","cdep",0.287123288,0.287123288
"US_0737",1.876712329,1.65,1.23,2.19,"sixvar","cdep",0.226712329,0.226712329
"US_0200",2.969863014,3.48,2.84,4.35,"sixvar","cdep",-0.510136986,0.510136986
"US_0008",0.446575342,0.37,0.18,0.62,"sixvar","cdep",0.076575342,0.076575342
"US_0854",0.219178082,0.24,0.08,0.47,"sixvar","cdep",-0.020821918,0.020821918
"US_0016",0.35890411,0.21,0,0.8,"sixvar","cdep",0.14890411,0.14890411
"US_1127",1.61369863,1.76,1.27,2.41,"sixvar","cdep",-0.14630137,0.14630137
"US_1311",0.254794521,0.29,0.12,0.52,"sixvar","cdep",-0.035205479,0.035205479
"US_1198",1.97260274,2.02,1.55,2.65,"sixvar","cdep",-0.0473972600000001,0.0473972600000001
"US_1247",20.26575342,14.6,10.1,18.94,"sixvar","cdep",5.66575342,5.66575342
"US_0171",13.16438356,15.05,11.55,18.92,"sixvar","cdep",-1.88561644,1.88561644
"US_0939",1.884931507,2.15,1.64,2.8,"sixvar","cdep",-0.265068493,0.265068493
"US_0384",7.208219178,6.59,5.25,8.23,"sixvar","cdep",0.618219178,0.618219178
"US_0553",8.871232877,10.17,7.91,13.33,"sixvar","cdep",-1.298767123,1.298767123
"US_1092",0.128767123,0.07,0.01,0.2,"sixvar","cdep",0.058767123,0.058767123
"US_0113",13.23561644,14.53,9.91,18.92,"sixvar","cdep",-1.29438356,1.29438356
"US_0630",0.410958904,0.5,0.28,0.79,"sixvar","cdep",-0.089041096,0.089041096
"US_1155",0,0.01,0,0.05,"sixvar","cdep",-0.01,0.01
"US_1302",0.660273973,0.52,0.29,0.8,"sixvar","cdep",0.140273973,0.140273973
"US_0086",5.347945205,6.1,4.83,7.63,"sixvar","cdep",-0.752054794999999,0.752054794999999
"US_0799",0.17260274,0.26,0.1,0.49,"sixvar","cdep",-0.08739726,0.08739726
"US_0687",0.863013699,0.96,0.65,1.35,"sixvar","cdep",-0.0969863009999999,0.0969863009999999
"US_1322",0.495890411,0.48,0.27,0.76,"sixvar","cdep",0.015890411,0.015890411
"US_1204",1.049315068,0.96,0.65,1.37,"sixvar","cdep",0.0893150680000001,0.0893150680000001
"US_0434",1.589041096,1.95,1.46,2.61,"sixvar","cdep",-0.360958904,0.360958904
"US_0011",3.153424658,2.65,2.21,3.13,"sixvar","cdep",0.503424658,0.503424658
"US_0111",3.04109589,3.08,2.47,3.94,"sixvar","cdep",-0.0389041100000003,0.0389041100000003
"US_0472",3.654794521,4.18,3.42,5.21,"sixvar","cdep",-0.525205479,0.525205479
"US_0335",4.312328767,4.08,3.31,4.94,"sixvar","cdep",0.232328767,0.232328767
"US_1224",5.706849315,6.08,4.98,7.34,"sixvar","cdep",-0.373150685,0.373150685
"US_0958",5.961643836,5.84,4.86,6.93,"sixvar","cdep",0.121643836000001,0.121643836000001
"US_1075",7.917808219,7.03,5.44,9.06,"sixvar","cdep",0.887808219,0.887808219
"US_0357",7.890410959,8.72,6.85,11.29,"sixvar","cdep",-0.829589041000001,0.829589041000001
"US_0320",9,9.5,7.36,12.59,"sixvar","cdep",-0.5,0.5
"US_1170",9.112328767,8.15,6.44,10.48,"sixvar","cdep",0.962328766999999,0.962328766999999
"US_0594",11.9890411,14.29,9.72,18.74,"sixvar","cdep",-2.3009589,2.3009589
"US_0587",12.9890411,14.6,10.1,18.94,"sixvar","cdep",-1.6109589,1.6109589
"US_0591",13.6630137,13.3,8.69,18.14,"sixvar","cdep",0.3630137,0.3630137
"US_0847",13.69863014,14.29,9.72,18.74,"sixvar","cdep",-0.591369859999999,0.591369859999999
"US_0669",1.095890411,1.16,0.81,1.6,"sixvar","cdep",-0.0641095889999999,0.0641095889999999
"US_0286",1.726027397,2.02,1.53,2.66,"sixvar","cdep",-0.293972603,0.293972603
"US_0692",1.654794521,2.13,1.63,2.76,"sixvar","cdep",-0.475205479,0.475205479
"US_1035",1.273972603,2.07,1.48,2.84,"sixvar","cdep",-0.796027397,0.796027397
"US_0796",1.621917808,1.11,0.77,1.56,"sixvar","cdep",0.511917808,0.511917808
"US_0256",14.36986301,14.6,10.1,18.94,"sixvar","cdep",-0.23013699,0.23013699
"US_1099",14.47945205,15.45,11.94,19.18,"sixvar","cdep",-0.970547949999998,0.970547949999998
"US_1015",14.66027397,14.6,10.1,18.94,"sixvar","cdep",0.0602739700000008,0.0602739700000008
"US_0421",15.04109589,14.6,10.1,18.94,"sixvar","cdep",0.44109589,0.44109589
"US_0496",15.0739726,14.6,10.1,18.94,"sixvar","cdep",0.4739726,0.4739726
"US_0130",15.08493151,14.6,10.1,18.94,"sixvar","cdep",0.484931510000001,0.484931510000001
"US_1255",16.07945205,17.26,11.53,21.53,"sixvar","cdep",-1.18054795,1.18054795
"US_0686",16.90684932,14.6,10.1,18.94,"sixvar","cdep",2.30684932,2.30684932
"US_0710",16.98356164,14.29,9.72,18.74,"sixvar","cdep",2.69356164,2.69356164
"US_0944",17.73424658,14.6,10.1,18.94,"sixvar","cdep",3.13424658,3.13424658
"US_0504",18.49315068,14.6,10.1,18.94,"sixvar","cdep",3.89315068,3.89315068
"US_0579",18.50684932,14.6,10.1,18.94,"sixvar","cdep",3.90684932,3.90684932
"US_0180",18.86027397,14.6,10.1,18.94,"sixvar","cdep",4.26027397,4.26027397
"US_0606",19.01643836,14.6,10.1,18.94,"sixvar","cdep",4.41643836,4.41643836
"US_0696",19.02191781,14.6,10.1,18.94,"sixvar","cdep",4.42191781,4.42191781
"US_1306",15.91238877,14.6,10.1,18.94,"sixvar","cdep",1.31238877,1.31238877
"US_1319",16.54246575,14.6,10.1,18.94,"sixvar","cdep",1.94246575,1.94246575
"US_0152",16.60547945,14.6,10.1,18.94,"sixvar","cdep",2.00547945,2.00547945
"US_1185",20.6630137,14.6,10.1,18.94,"sixvar","cdep",6.0630137,6.0630137
"US_0843",15.24657534,14.29,9.72,18.74,"sixvar","cdep",0.956575340000001,0.956575340000001
"US_0458",0.139726027,0.21,0.07,0.42,"sixvar","cdep",-0.070273973,0.070273973
"US_0066",0.550308008,0.77,0.5,1.13,"sixvar","cdep",-0.219691992,0.219691992
"US_1236",0.62696783,0.73,0.46,1.07,"sixvar","cdep",-0.10303217,0.10303217
"US_1183",0.635616438,0.73,0.46,1.07,"sixvar","cdep",-0.094383562,0.094383562
"US_0022",0.704109589,0.82,0.54,1.19,"sixvar","cdep",-0.115890411,0.115890411
"US_0599",0.947945205,0.98,0.61,1.46,"sixvar","cdep",-0.032054795,0.032054795
"US_1003",0.194387406,0.25,0.09,0.46,"sixvar","cdep",-0.055612594,0.055612594
"US_0517",0.145106092,0.17,0.04,0.37,"sixvar","cdep",-0.024893908,0.024893908
"US_0935",20.29041096,14.52,9.89,18.92,"sixvar","cdep",5.77041096,5.77041096
"US_0858",20.14520548,14.6,10.1,18.94,"sixvar","cdep",5.54520548,5.54520548
"US_0987",20.43013699,14.6,10.1,18.94,"sixvar","cdep",5.83013699,5.83013699
"US_1032",16.8,14.6,10.1,18.94,"sixvar","cdep",2.2,2.2
"US_0821",15.60821918,17.23,11.34,21.53,"sixvar","cdep",-1.62178082,1.62178082
"US_1225",20.86575342,14.6,10.1,18.94,"sixvar","cdep",6.26575342,6.26575342
"US_0287",19.90136986,14.6,10.1,18.94,"sixvar","cdep",5.30136986,5.30136986
"US_0997",17.0109589,14.6,10.1,18.94,"sixvar","cdep",2.4109589,2.4109589
"US_1283",16.49315068,14.6,10.1,18.94,"sixvar","cdep",1.89315068,1.89315068
"US_0487",0.432876712,0.5,0.28,0.78,"sixvar","cdep",-0.067123288,0.067123288
"US_0418",20.60273973,14.6,10.1,18.94,"sixvar","cdep",6.00273973,6.00273973
"US_0160",19.76712329,14.6,10.1,18.94,"sixvar","cdep",5.16712329,5.16712329
"US_0380",19.54794521,14.6,10.1,18.94,"sixvar","cdep",4.94794521,4.94794521
"US_0777",17.17260274,14.6,10.1,18.94,"sixvar","cdep",2.57260274,2.57260274
"US_0940",19.59452055,14.6,10.1,18.94,"sixvar","cdep",4.99452055,4.99452055
"US_1137",16.24109589,14.6,10.1,18.94,"sixvar","cdep",1.64109589,1.64109589
"US_0305",19.25,14.6,10.1,18.94,"sixvar","cdep",4.65,4.65
"US_0720",17.61643836,14.6,10.1,18.94,"sixvar","cdep",3.01643836,3.01643836
"US_1068",17.6630137,14.6,10.1,18.94,"sixvar","cdep",3.0630137,3.0630137
"US_1036",3.846575342,3.64,2.98,4.56,"sixvar","cdep",0.206575342,0.206575342
"US_0739",20.49589041,17.21,11.24,21.53,"sixvar","cdep",3.28589041,3.28589041
"US_0397",18.79452055,14.6,10.1,18.94,"sixvar","cdep",4.19452055,4.19452055
"US_0060",15.90958904,13.93,10.22,18.26,"sixvar","cdep",1.97958904,1.97958904
"US_0920",3.093150685,2.93,2.21,3.93,"sixvar","cdep",0.163150685,0.163150685
"US_1298",13.71506849,14.6,10.1,18.94,"sixvar","cdep",-0.884931509999999,0.884931509999999
"US_1228",13.1890411,14.6,10.1,18.94,"sixvar","cdep",-1.4109589,1.4109589
"US_0963",15.63013699,17.23,11.34,21.53,"sixvar","cdep",-1.59986301,1.59986301
"US_0923",19.57260274,14.6,10.1,18.94,"sixvar","cdep",4.97260274,4.97260274
"US_0751",20.17534247,14.6,10.1,18.94,"sixvar","cdep",5.57534247,5.57534247
"US_0266",19.78630137,14.6,10.1,18.94,"sixvar","cdep",5.18630137,5.18630137
"US_0370",19.29315068,14.6,10.1,18.94,"sixvar","cdep",4.69315068,4.69315068
"US_1267",15.97534247,14.6,10.1,18.94,"sixvar","cdep",1.37534247,1.37534247
"US_0225",15.51506849,17.23,11.34,21.53,"sixvar","cdep",-1.71493151,1.71493151
"US_0913",18.6630137,14.6,10.1,18.94,"sixvar","cdep",4.0630137,4.0630137
"US_0479",19.28219178,14.6,10.1,18.94,"sixvar","cdep",4.68219178,4.68219178
"US_0716",18.50958904,14.6,10.1,18.94,"sixvar","cdep",3.90958904,3.90958904
"US_1300",18.36438356,17.23,11.34,21.53,"sixvar","cdep",1.13438356,1.13438356
"US_1055",20.64109589,17.23,11.34,21.53,"sixvar","cdep",3.41109589,3.41109589
"US_1001",0.019178082,0,0,0.03,"sixvar","cdep",0.019178082,0.019178082
"US_0596",0.032876712,0.01,0,0.06,"sixvar","cdep",0.022876712,0.022876712
"US_0795",20.44383562,17.23,11.34,21.53,"sixvar","cdep",3.21383562,3.21383562
"US_0813",0.032876712,0.09,0.01,0.25,"sixvar","cdep",-0.057123288,0.057123288
"US_0215",0,0.01,0,0.08,"sixvar","cdep",-0.01,0.01
"US_0005",20.11232877,17.23,11.34,21.53,"sixvar","cdep",2.88232877,2.88232877
"US_0463",19.87123288,17.23,11.34,21.53,"sixvar","cdep",2.64123288,2.64123288
"US_0440",19.38082192,17.23,11.34,21.53,"sixvar","cdep",2.15082192,2.15082192
"US_1292",20.5890411,17.23,11.34,21.53,"sixvar","cdep",3.3590411,3.3590411
"US_0979",17.87945205,17.23,11.34,21.53,"sixvar","cdep",0.649452050000001,0.649452050000001
"US_0298",11.35934292,17.23,11.34,21.53,"sixvar","cdep",-5.87065708,5.87065708
"US_0299",20.09863014,14.6,10.1,18.94,"sixvar","cdep",5.49863014,5.49863014
"US_0258",17.50034223,14.6,10.1,18.94,"sixvar","cdep",2.90034223,2.90034223
"US_1209",4.03559206,5.18,3.78,6.93,"sixvar","cdep",-1.14440794,1.14440794
"US_1105",4.057494867,4.49,3.56,5.68,"sixvar","cdep",-0.432505133,0.432505133
"US_0545",3.709787817,4.81,3.8,6.08,"sixvar","cdep",-1.100212183,1.100212183
"US_0399",19.94246575,17.23,11.34,21.53,"sixvar","cdep",2.71246575,2.71246575
"US_1043",19.44657534,17.23,11.34,21.53,"sixvar","cdep",2.21657534,2.21657534
"US_0426",17.73853525,17.23,11.34,21.53,"sixvar","cdep",0.508535250000001,0.508535250000001
"US_1118",15.77823409,17.23,11.34,21.53,"sixvar","cdep",-1.45176591,1.45176591
"US_1174",10.32717317,9.55,7.4,12.64,"sixvar","cdep",0.777173169999999,0.777173169999999
"US_0820",2.253251198,2.02,1.52,2.66,"sixvar","cdep",0.233251198,0.233251198
"US_0912",13.86447639,15.8,12.53,19.34,"sixvar","cdep",-1.93552361,1.93552361
"US_1312",13.46748802,15.19,11.79,18.96,"sixvar","cdep",-1.72251198,1.72251198
"US_0456",16.63791923,17.23,11.34,21.53,"sixvar","cdep",-0.592080769999999,0.592080769999999
"US_0408",17.21013005,17.23,11.34,21.53,"sixvar","cdep",-0.0198699500000004,0.0198699500000004
"US_0561",1.032169747,1.17,0.76,1.69,"sixvar","cdep",-0.137830253,0.137830253
"US_0477",1.149897331,1.16,0.81,1.61,"sixvar","cdep",-0.0101026689999999,0.0101026689999999
"US_0628",0.585900068,0.63,0.38,0.95,"sixvar","cdep",-0.044099932,0.044099932
"US_1115",0.490075291,0.69,0.43,1.02,"sixvar","cdep",-0.199924709,0.199924709
"US_1231",0.709103354,0.77,0.49,1.13,"sixvar","cdep",-0.060896646,0.060896646
"US_0196",0.082135524,0.12,0.02,0.29,"sixvar","cdep",-0.037864476,0.037864476
"US_0328",18.46849315,17.23,11.34,21.53,"sixvar","cdep",1.23849315,1.23849315
"US_1240",16.63518138,17.23,11.34,21.53,"sixvar","cdep",-0.594818620000002,0.594818620000002
"US_1296",18.00684463,17.23,11.34,21.53,"sixvar","cdep",0.776844629999999,0.776844629999999
"US_0489",15.25256674,14.6,10.1,18.94,"sixvar","cdep",0.652566740000001,0.652566740000001
"US_0004",3.832991102,3.94,3.12,4.97,"sixvar","cdep",-0.107008898,0.107008898
"US_1169",12.55578371,11.78,7.74,17.73,"sixvar","cdep",0.775783710000001,0.775783710000001
"US_0046",9.620807666,13.3,8.69,18.14,"sixvar","cdep",-3.679192334,3.679192334
"US_0455",6.499657769,5.51,4.48,6.72,"sixvar","cdep",0.989657769,0.989657769
"US_0942",9.210130048,8.02,6.06,11.11,"sixvar","cdep",1.190130048,1.190130048
"US_1161",12.10951403,17.23,11.34,21.53,"sixvar","cdep",-5.12048597,5.12048597
"US_1089",12.83230664,14.29,9.72,18.74,"sixvar","cdep",-1.45769336,1.45769336
"US_0389",6.767967146,6.24,4.58,8.36,"sixvar","cdep",0.527967146,0.527967146
"US_0311",14.091718,15.45,12.05,19.15,"sixvar","cdep",-1.358282,1.358282
"US_1309",16.78850103,17.23,11.34,21.53,"sixvar","cdep",-0.441498970000001,0.441498970000001
"US_1184",21.04312115,17.23,11.34,21.53,"sixvar","cdep",3.81312115,3.81312115
"US_0532",19.42778919,17.23,11.34,21.53,"sixvar","cdep",2.19778919,2.19778919
"US_0886",16.17522245,17.23,11.34,21.53,"sixvar","cdep",-1.05477755,1.05477755
"US_0069",1.341546886,1.34,0.95,1.84,"sixvar","cdep",0.00154688599999986,0.00154688599999986
"US_0646",14.57084189,14.6,10.1,18.94,"sixvar","cdep",-0.0291581099999991,0.0291581099999991
"US_0881",15.26625599,14.6,10.1,18.94,"sixvar","cdep",0.66625599,0.66625599
"US_0670",20.72279261,17.23,11.34,21.53,"sixvar","cdep",3.49279261,3.49279261
"US_0353",20.58042437,17.23,11.34,21.53,"sixvar","cdep",3.35042437,3.35042437
"US_1133",19.98631075,17.23,11.34,21.53,"sixvar","cdep",2.75631075,2.75631075
"US_1143",18.9596167,17.23,11.34,21.53,"sixvar","cdep",1.7296167,1.7296167
"US_1024",18.31895962,17.01,10.03,21.51,"sixvar","cdep",1.30895962,1.30895962
"US_0707",1.171800137,1.3,0.93,1.78,"sixvar","cdep",-0.128199863,0.128199863
"US_0530",1.771389459,1.66,1.23,2.25,"sixvar","cdep",0.111389459,0.111389459
"US_0695",4.670773443,3.52,2.73,4.49,"sixvar","cdep",1.150773443,1.150773443
"US_1239",16.57494867,14.6,10.1,18.94,"sixvar","cdep",1.97494867,1.97494867
"US_0376",15.46338125,16.28,13.05,19.69,"sixvar","cdep",-0.816618750000002,0.816618750000002
"US_0706",16.40520192,14.6,10.1,18.94,"sixvar","cdep",1.80520192,1.80520192
"US_1085",16.99110198,14.6,10.1,18.94,"sixvar","cdep",2.39110198,2.39110198
"US_0210",18.62739726,14.6,10.1,18.94,"sixvar","cdep",4.02739726,4.02739726
"US_0862",16.13963039,14.6,10.1,18.94,"sixvar","cdep",1.53963039,1.53963039
"US_0419",16.84873374,14.6,10.1,18.94,"sixvar","cdep",2.24873374,2.24873374
"US_0790",8.443531828,10.41,7.32,14.47,"sixvar","cdep",-1.966468172,1.966468172
"US_1084",18.51232877,14.6,10.1,18.94,"sixvar","cdep",3.91232877,3.91232877
"US_0244",18.65205479,14.6,10.1,18.94,"sixvar","cdep",4.05205479,4.05205479
"US_0582",19.03901437,14.6,10.1,18.94,"sixvar","cdep",4.43901437,4.43901437
"US_0965",20.06027397,14.6,10.1,18.94,"sixvar","cdep",5.46027397,5.46027397
"US_0673",20.12054795,17.26,11.53,21.53,"sixvar","cdep",2.86054795,2.86054795
"US_0442",18.80273973,14.6,10.1,18.94,"sixvar","cdep",4.20273973,4.20273973
"US_0562",7.660506502,8.73,2.76,16.85,"sixvar","cdep",-1.069493498,1.069493498
"US_0155",4.44,5.49,4.31,7.14,"sixvar","cdep",-1.05,1.05
"US_1288",20.95,14.52,9.89,18.92,"sixvar","cdep",6.43,6.43
"US_0238",19.77,14.52,9.89,18.92,"sixvar","cdep",5.25,5.25
"US_1039",18.6,14.52,9.89,18.92,"sixvar","cdep",4.08,4.08
"US_0201",0.15,0.2,0.06,0.41,"sixvar","cdep",-0.05,0.05
"US_1097",5.42,4.59,3.59,5.96,"sixvar","cdep",0.83,0.83
"US_0117",20.07,14.52,9.89,18.92,"sixvar","cdep",5.55,5.55
"US_0947",14.8,14.52,9.89,18.92,"sixvar","cdep",0.280000000000001,0.280000000000001
"US_0309",19.59,14.15,9.38,18.7,"sixvar","cdep",5.44,5.44
"US_0876",4.41,5.15,4,6.7,"sixvar","cdep",-0.74,0.74
"US_0589",0.19,0.18,0.05,0.38,"sixvar","cdep",0.01,0.01
"US_0653",18.83,14.52,9.89,18.92,"sixvar","cdep",4.31,4.31
"US_0137",15.12,12.82,9.36,17.28,"sixvar","cdep",2.3,2.3
"US_0029",2.68,2.48,1.86,3.31,"sixvar","cdep",0.2,0.2
"US_0198",5.82,4.94,3.87,6.41,"sixvar","cdep",0.88,0.88
"US_0035",12.24,14.52,11.01,18.49,"sixvar","cdep",-2.28,2.28
"US_0787",11.06,12.37,8.96,16.98,"sixvar","cdep",-1.31,1.31
"US_0793",3.08,2.37,1.85,3.03,"sixvar","cdep",0.71,0.71
"US_0177",19.06,14.15,9.38,18.7,"sixvar","cdep",4.91,4.91
"US_0663",18.41,14.52,9.89,18.92,"sixvar","cdep",3.89,3.89
"US_0417",0,0.1,0.02,0.26,"sixvar","cdep",-0.1,0.1
"US_1107",20.38,14.42,2.33,21.32,"sixvar","cdep",5.96,5.96
"US_0428",4.45,4.87,3.81,6.35,"sixvar","cdep",-0.42,0.42
"US_0524",2.19,2.43,1.89,3.11,"sixvar","cdep",-0.24,0.24
"US_0179",4.27,3.88,3.04,4.99,"sixvar","cdep",0.39,0.39
"US_0075",0.22,0.35,0.15,0.61,"sixvar","cdep",-0.13,0.13
"US_0508",15.26,14.15,9.38,18.7,"sixvar","cdep",1.11,1.11
"US_1018",12.88,14.15,9.38,18.7,"sixvar","cdep",-1.27,1.27
"US_0554",17.27,14.52,9.89,18.92,"sixvar","cdep",2.75,2.75
"US_0931",0.43,0.37,0.17,0.63,"sixvar","cdep",0.06,0.06
"US_0600",18.1,14.52,9.89,18.92,"sixvar","cdep",3.58,3.58
"US_0819",0.62,0.84,0.53,1.25,"sixvar","cdep",-0.22,0.22
"US_0857",18.84,14.15,9.38,18.7,"sixvar","cdep",4.69,4.69
"US_0983",20.61,14.52,9.89,18.92,"sixvar","cdep",6.09,6.09
"US_0087",0.34,0.33,0.15,0.59,"sixvar","cdep",0.01,0.01
"US_0359",19.17,14.15,9.38,18.7,"sixvar","cdep",5.02,5.02
"US_0868",0.53,0.59,0.34,0.93,"sixvar","cdep",-0.0599999999999999,0.0599999999999999
"US_0135",1.46,1.83,1.32,2.49,"sixvar","cdep",-0.37,0.37
"US_0724",1.24,1.14,0.76,1.63,"sixvar","cdep",0.1,0.1
"US_1210",3.75,5.89,4.33,8.2,"sixvar","cdep",-2.14,2.14
"US_1299",0.19,0.21,0.07,0.42,"sixvar","cdep",-0.02,0.02
"US_1179",1.63,1.14,0.76,1.63,"sixvar","cdep",0.49,0.49
"US_0616",9.94,11.24,8.12,16.08,"sixvar","cdep",-1.3,1.3
"US_1263",0.18,0.22,0.07,0.44,"sixvar","cdep",-0.04,0.04
"US_1199",0.85,0.93,0.6,1.36,"sixvar","cdep",-0.0800000000000001,0.0800000000000001
"US_0807",18.04,14.15,9.38,18.7,"sixvar","cdep",3.89,3.89
"US_0182",12.29,12.84,9.25,17.42,"sixvar","cdep",-0.550000000000001,0.550000000000001
"US_0547",0.36,0.53,0.29,0.86,"sixvar","cdep",-0.17,0.17
"US_0996",0.55,0.42,0.21,0.71,"sixvar","cdep",0.13,0.13
"US_0444",0.27,0.17,0.04,0.37,"sixvar","cdep",0.1,0.1
"US_0760",16.37,14.52,9.89,18.92,"sixvar","cdep",1.85,1.85
"US_1101",2.11,2.08,1.53,2.81,"sixvar","cdep",0.0299999999999998,0.0299999999999998
"US_0330",19.8,14.52,9.89,18.92,"sixvar","cdep",5.28,5.28
"US_1321",3.44,2.58,1.94,3.42,"sixvar","cdep",0.86,0.86
"US_0915",1.087671233,1.18,1.05,1.33,"allvar","cindep",-0.0923287669999999,0.0923287669999999
"US_0617",0.830136986,0.87,0.76,1,"allvar","cindep",-0.039863014,0.039863014
"US_0092",0.219178082,0.29,0.22,0.39,"allvar","cindep",-0.070821918,0.070821918
"US_0372",0.394520548,0.48,0.39,0.58,"allvar","cindep",-0.085479452,0.085479452
"US_1100",0.153424658,0.23,0.17,0.31,"allvar","cindep",-0.076575342,0.076575342
"US_0373",1.052054795,1.31,1.17,1.47,"allvar","cindep",-0.257945205,0.257945205
"US_0908",0.065753425,0.03,0.01,0.06,"allvar","cindep",0.035753425,0.035753425
"US_0429",0.523287671,0.32,0.25,0.41,"allvar","cindep",0.203287671,0.203287671
"US_0929",1.421917808,1.4,1.25,1.57,"allvar","cindep",0.021917808,0.021917808
"US_0830",0.019178082,0.05,0.03,0.1,"allvar","cindep",-0.030821918,0.030821918
"US_1059",0.169863014,0.07,0.04,0.11,"allvar","cindep",0.099863014,0.099863014
"US_0204",4.139726027,3.77,3.52,4.05,"allvar","cindep",0.369726027,0.369726027
"US_1051",0.117808219,0.14,0.09,0.2,"allvar","cindep",-0.022191781,0.022191781
"US_0391",3.2,2.76,2.53,3.01,"allvar","cindep",0.44,0.44
"US_1027",4.824657534,5.5,5.15,5.88,"allvar","cindep",-0.675342466,0.675342466
"US_0361",0.282191781,0.38,0.3,0.47,"allvar","cindep",-0.097808219,0.097808219
"US_0041",0.893150685,0.77,0.67,0.9,"allvar","cindep",0.123150685,0.123150685
"US_0307",1.909589041,2.41,2.19,2.65,"allvar","cindep",-0.500410959,0.500410959
"US_0459",0.104109589,0.13,0.09,0.19,"allvar","cindep",-0.025890411,0.025890411
"US_0590",3.449315068,2.79,2.56,3.04,"allvar","cindep",0.659315068,0.659315068
"US_0645",3.032876712,3.05,2.8,3.32,"allvar","cindep",-0.0171232879999996,0.0171232879999996
"US_0025",2.967123288,2.39,2.18,2.63,"allvar","cindep",0.577123288,0.577123288
"US_0737",1.876712329,1.68,1.51,1.86,"allvar","cindep",0.196712329,0.196712329
"US_0200",2.969863014,3.16,2.92,3.42,"allvar","cindep",-0.190136986,0.190136986
"US_0008",0.446575342,0.43,0.35,0.52,"allvar","cindep",0.016575342,0.016575342
"US_0854",0.219178082,0.28,0.21,0.37,"allvar","cindep",-0.060821918,0.060821918
"US_0016",0.35890411,0.17,0.03,0.38,"allvar","cindep",0.18890411,0.18890411
"US_1127",1.61369863,1.87,1.64,2.13,"allvar","cindep",-0.25630137,0.25630137
"US_1311",0.254794521,0.21,0.15,0.29,"allvar","cindep",0.044794521,0.044794521
"US_1198",1.97260274,2.13,1.93,2.36,"allvar","cindep",-0.15739726,0.15739726
"US_1247",20.26575342,14.15,13.34,15.03,"allvar","cindep",6.11575342,6.11575342
"US_0171",13.16438356,13.86,13.19,14.58,"allvar","cindep",-0.69561644,0.69561644
"US_0939",1.884931507,2.03,1.85,2.24,"allvar","cindep",-0.145068493,0.145068493
"US_0384",7.208219178,6.57,6.18,6.98,"allvar","cindep",0.638219178,0.638219178
"US_0553",8.871232877,9.49,9.01,9.99,"allvar","cindep",-0.618767123,0.618767123
"US_1092",0.128767123,0.02,0.01,0.05,"allvar","cindep",0.108767123,0.108767123
"US_0113",13.23561644,12.76,12.12,13.45,"allvar","cindep",0.47561644,0.47561644
"US_0630",0.410958904,0.41,0.33,0.5,"allvar","cindep",0.000958904000000038,0.000958904000000038
"US_1155",0,0,0,0.01,"allvar","cindep",0,0
"US_1302",0.660273973,0.48,0.4,0.58,"allvar","cindep",0.180273973,0.180273973
"US_0086",5.347945205,6.2,5.8,6.64,"allvar","cindep",-0.852054795,0.852054795
"US_0799",0.17260274,0.22,0.16,0.3,"allvar","cindep",-0.04739726,0.04739726
"US_0687",0.863013699,0.94,0.82,1.08,"allvar","cindep",-0.0769863009999999,0.0769863009999999
"US_1322",0.495890411,0.42,0.34,0.52,"allvar","cindep",0.075890411,0.075890411
"US_1204",1.049315068,1.11,0.98,1.26,"allvar","cindep",-0.060684932,0.060684932
"US_0434",1.589041096,1.97,1.78,2.19,"allvar","cindep",-0.380958904,0.380958904
"US_0011",3.153424658,3.05,2.82,3.31,"allvar","cindep",0.103424658,0.103424658
"US_0111",3.04109589,3.15,2.92,3.41,"allvar","cindep",-0.10890411,0.10890411
"US_0472",3.654794521,3.99,3.71,4.29,"allvar","cindep",-0.335205479,0.335205479
"US_0335",4.312328767,4.8,4.47,5.15,"allvar","cindep",-0.487671232999999,0.487671232999999
"US_1224",5.706849315,6.48,6.08,6.9,"allvar","cindep",-0.773150685,0.773150685
"US_0958",5.961643836,6.06,5.7,6.45,"allvar","cindep",-0.0983561639999992,0.0983561639999992
"US_1075",7.917808219,6.82,6.37,7.31,"allvar","cindep",1.097808219,1.097808219
"US_0357",7.890410959,8.65,8.16,9.17,"allvar","cindep",-0.759589041000001,0.759589041000001
"US_0320",9,9.44,8.92,9.99,"allvar","cindep",-0.44,0.44
"US_1170",9.112328767,8.24,7.79,8.72,"allvar","cindep",0.872328766999999,0.872328766999999
"US_0594",11.9890411,12.41,11.79,13.05,"allvar","cindep",-0.4209589,0.4209589
"US_0587",12.9890411,13.86,13.13,14.65,"allvar","cindep",-0.8709589,0.8709589
"US_0591",13.6630137,12.62,11.97,13.31,"allvar","cindep",1.0430137,1.0430137
"US_0847",13.69863014,13.62,12.9,14.39,"allvar","cindep",0.0786301400000013,0.0786301400000013
"US_0669",1.095890411,1.15,1.02,1.3,"allvar","cindep",-0.0541095889999998,0.0541095889999998
"US_0286",1.726027397,1.85,1.66,2.07,"allvar","cindep",-0.123972603,0.123972603
"US_0692",1.654794521,2.06,1.86,2.28,"allvar","cindep",-0.405205479,0.405205479
"US_1035",1.273972603,2.12,1.9,2.37,"allvar","cindep",-0.846027397,0.846027397
"US_0796",1.621917808,0.9,0.79,1.03,"allvar","cindep",0.721917808,0.721917808
"US_0256",14.36986301,13.51,12.83,14.25,"allvar","cindep",0.85986301,0.85986301
"US_1099",14.47945205,13.21,12.57,13.88,"allvar","cindep",1.26945205,1.26945205
"US_1015",14.66027397,14.14,13.4,14.94,"allvar","cindep",0.52027397,0.52027397
"US_0421",15.04109589,13.66,12.97,14.39,"allvar","cindep",1.38109589,1.38109589
"US_0496",15.0739726,13.77,13.09,14.5,"allvar","cindep",1.3039726,1.3039726
"US_0130",15.08493151,13.04,12.41,13.71,"allvar","cindep",2.04493151,2.04493151
"US_1255",16.07945205,15.13,14.25,16.08,"allvar","cindep",0.94945205,0.94945205
"US_0686",16.90684932,14.62,13.77,15.54,"allvar","cindep",2.28684932,2.28684932
"US_0710",16.98356164,14.42,13.63,15.27,"allvar","cindep",2.56356164,2.56356164
"US_0944",17.73424658,15.26,14.43,16.17,"allvar","cindep",2.47424658,2.47424658
"US_0504",18.49315068,14.42,13.61,15.28,"allvar","cindep",4.07315068,4.07315068
"US_0579",18.50684932,15.11,14.28,16.01,"allvar","cindep",3.39684932,3.39684932
"US_0180",18.86027397,15,14.17,15.89,"allvar","cindep",3.86027397,3.86027397
"US_0606",19.01643836,15.13,14.3,16.04,"allvar","cindep",3.88643836,3.88643836
"US_0696",19.02191781,15.19,14.35,16.09,"allvar","cindep",3.83191781,3.83191781
"US_1306",15.91238877,13.8,13.08,14.57,"allvar","cindep",2.11238877,2.11238877
"US_1319",16.54246575,14.34,13.58,15.17,"allvar","cindep",2.20246575,2.20246575
"US_0152",16.60547945,14.25,13.48,15.08,"allvar","cindep",2.35547945,2.35547945
"US_1185",20.6630137,14.44,13.61,15.34,"allvar","cindep",6.2230137,6.2230137
"US_0843",15.24657534,13.21,12.53,13.94,"allvar","cindep",2.03657534,2.03657534
"US_0458",0.139726027,0.22,0.16,0.29,"allvar","cindep",-0.080273973,0.080273973
"US_0066",0.550308008,0.79,0.68,0.91,"allvar","cindep",-0.239691992,0.239691992
"US_1236",0.62696783,0.71,0.61,0.82,"allvar","cindep",-0.08303217,0.08303217
"US_1183",0.635616438,0.72,0.61,0.84,"allvar","cindep",-0.084383562,0.084383562
"US_0022",0.704109589,0.74,0.64,0.86,"allvar","cindep",-0.035890411,0.035890411
"US_0599",0.947945205,0.87,0.75,1.01,"allvar","cindep",0.077945205,0.077945205
"US_1003",0.194387406,0.23,0.16,0.3,"allvar","cindep",-0.035612594,0.035612594
"US_0517",0.145106092,0.15,0.1,0.22,"allvar","cindep",-0.004893908,0.004893908
"US_0935",20.29041096,13.36,12.4,14.39,"allvar","cindep",6.93041096,6.93041096
"US_0858",20.14520548,14.44,13.61,15.34,"allvar","cindep",5.70520548,5.70520548
"US_0987",20.43013699,14.31,13.53,15.16,"allvar","cindep",6.12013699,6.12013699
"US_1032",16.8,14.29,13.53,15.11,"allvar","cindep",2.51,2.51
"US_0821",15.60821918,17.51,15.71,19.5,"allvar","cindep",-1.90178082,1.90178082
"US_1225",20.86575342,14.83,13.98,15.74,"allvar","cindep",6.03575342,6.03575342
"US_0287",19.90136986,14.15,13.34,15.03,"allvar","cindep",5.75136986,5.75136986
"US_0997",17.0109589,14.66,13.86,15.51,"allvar","cindep",2.3509589,2.3509589
"US_1283",16.49315068,14.55,13.76,15.4,"allvar","cindep",1.94315068,1.94315068
"US_0487",0.432876712,0.48,0.4,0.58,"allvar","cindep",-0.047123288,0.047123288
"US_0418",20.60273973,14.58,13.75,15.47,"allvar","cindep",6.02273973,6.02273973
"US_0160",19.76712329,14.87,14.03,15.77,"allvar","cindep",4.89712329,4.89712329
"US_0380",19.54794521,14.15,13.34,15.03,"allvar","cindep",5.39794521,5.39794521
"US_0777",17.17260274,14.59,13.79,15.46,"allvar","cindep",2.58260274,2.58260274
"US_0940",19.59452055,14.15,13.34,15.03,"allvar","cindep",5.44452055,5.44452055
"US_1137",16.24109589,14.14,13.39,14.95,"allvar","cindep",2.10109589,2.10109589
"US_0305",19.25,15.94,14.88,17.1,"allvar","cindep",3.31,3.31
"US_1114",15.04931507,12.95,11.48,14.5,"allvar","cindep",2.09931507,2.09931507
"US_0720",17.61643836,14.44,13.59,15.35,"allvar","cindep",3.17643836,3.17643836
"US_1068",17.6630137,14.46,13.69,15.3,"allvar","cindep",3.2030137,3.2030137
"US_1036",3.846575342,3.77,3.5,4.06,"allvar","cindep",0.0765753419999999,0.0765753419999999
"US_0739",20.49589041,15.17,13.8,16.82,"allvar","cindep",5.32589041,5.32589041
"US_0397",18.79452055,14.87,14.05,15.75,"allvar","cindep",3.92452055,3.92452055
"US_0060",15.90958904,12.76,12.16,13.41,"allvar","cindep",3.14958904,3.14958904
"US_0920",3.093150685,3.04,2.8,3.3,"allvar","cindep",0.0531506849999999,0.0531506849999999
"US_1298",13.71506849,13.22,12.49,13.99,"allvar","cindep",0.49506849,0.49506849
"US_1228",13.1890411,13,12.33,13.71,"allvar","cindep",0.189041100000001,0.189041100000001
"US_0963",15.63013699,15,13.79,16.37,"allvar","cindep",0.63013699,0.63013699
"US_0923",19.57260274,14.15,13.34,15.03,"allvar","cindep",5.42260274,5.42260274
"US_0751",20.17534247,14.87,14.03,15.77,"allvar","cindep",5.30534247,5.30534247
"US_0266",19.78630137,14.15,13.34,15.03,"allvar","cindep",5.63630137,5.63630137
"US_0370",19.29315068,14.8,13.96,15.71,"allvar","cindep",4.49315068,4.49315068
"US_1267",15.97534247,14.17,13.42,14.98,"allvar","cindep",1.80534247,1.80534247
"US_0225",15.51506849,15.45,14.25,16.77,"allvar","cindep",0.0650684900000016,0.0650684900000016
"US_0913",18.6630137,14.69,13.85,15.61,"allvar","cindep",3.9730137,3.9730137
"US_0479",19.28219178,14.63,13.82,15.51,"allvar","cindep",4.65219178,4.65219178
"US_0716",18.50958904,14.52,13.74,15.37,"allvar","cindep",3.98958904,3.98958904
"US_1300",18.36438356,18.47,16.55,20.53,"allvar","cindep",-0.105616439999999,0.105616439999999
"US_1055",20.64109589,18.34,15.24,21.87,"allvar","cindep",2.30109589,2.30109589
"US_1001",0.019178082,0,0,0.01,"allvar","cindep",0.019178082,0.019178082
"US_0596",0.032876712,0,0,0.01,"allvar","cindep",0.032876712,0.032876712
"US_0795",20.44383562,20.26,17.74,23.25,"allvar","cindep",0.18383562,0.18383562
"US_0813",0.032876712,0.07,0.04,0.13,"allvar","cindep",-0.037123288,0.037123288
"US_0215",0,0,0,0.01,"allvar","cindep",0,0
"US_0005",20.11232877,18.34,15.24,21.87,"allvar","cindep",1.77232877,1.77232877
"US_0463",19.87123288,19.05,17.1,21.1,"allvar","cindep",0.82123288,0.82123288
"US_0440",19.38082192,17.66,15.23,20.47,"allvar","cindep",1.72082192,1.72082192
"US_1292",20.5890411,19.16,16.91,21.47,"allvar","cindep",1.4290411,1.4290411
"US_0979",17.87945205,18.37,16.34,20.54,"allvar","cindep",-0.49054795,0.49054795
"US_0298",11.35934292,11.9,11.19,12.65,"allvar","cindep",-0.540657080000001,0.540657080000001
"US_0299",20.09863014,14.28,13.48,15.14,"allvar","cindep",5.81863014,5.81863014
"US_0258",17.50034223,14.21,13.47,15,"allvar","cindep",3.29034223,3.29034223
"US_1209",4.03559206,4.79,4.38,5.22,"allvar","cindep",-0.75440794,0.75440794
"US_1105",4.057494867,4.2,3.91,4.51,"allvar","cindep",-0.142505133,0.142505133
"US_0545",3.709787817,4.61,4.29,4.95,"allvar","cindep",-0.900212183,0.900212183
"US_0399",19.94246575,20.58,18.24,23.55,"allvar","cindep",-0.637534249999998,0.637534249999998
"US_1043",19.44657534,18.46,16.52,20.51,"allvar","cindep",0.986575339999998,0.986575339999998
"US_0426",17.73853525,17.34,15.59,19.26,"allvar","cindep",0.398535250000002,0.398535250000002
"US_1118",15.77823409,16.75,14.86,19.04,"allvar","cindep",-0.97176591,0.97176591
"US_1174",10.32717317,10.2,9.68,10.76,"allvar","cindep",0.127173170000001,0.127173170000001
"US_0820",2.253251198,1.98,1.79,2.19,"allvar","cindep",0.273251198,0.273251198
"US_0912",13.86447639,13.78,13.13,14.48,"allvar","cindep",0.0844763900000007,0.0844763900000007
"US_1312",13.46748802,12.76,12.13,13.42,"allvar","cindep",0.70748802,0.70748802
"US_0456",16.63791923,17.57,15.5,19.91,"allvar","cindep",-0.932080769999999,0.932080769999999
"US_0408",17.21013005,15.89,14.45,17.54,"allvar","cindep",1.32013005,1.32013005
"US_0561",1.032169747,1.07,0.91,1.25,"allvar","cindep",-0.0378302530000001,0.0378302530000001
"US_0477",1.149897331,1.17,1.01,1.35,"allvar","cindep",-0.0201026689999999,0.0201026689999999
"US_0628",0.585900068,0.7,0.57,0.84,"allvar","cindep",-0.114099932,0.114099932
"US_1115",0.490075291,0.59,0.47,0.73,"allvar","cindep",-0.0999247089999999,0.0999247089999999
"US_1231",0.709103354,0.76,0.64,0.91,"allvar","cindep",-0.050896646,0.050896646
"US_0196",0.082135524,0.04,0.02,0.09,"allvar","cindep",0.042135524,0.042135524
"US_0328",18.46849315,16.4,14.77,18.28,"allvar","cindep",2.06849315,2.06849315
"US_1240",16.63518138,17.66,15.23,20.47,"allvar","cindep",-1.02481862,1.02481862
"US_1296",18.00684463,20.26,17.74,23.25,"allvar","cindep",-2.25315537,2.25315537
"US_0489",15.25256674,12.83,12.2,13.5,"allvar","cindep",2.42256674,2.42256674
"US_0004",3.832991102,3.73,3.47,4.01,"allvar","cindep",0.102991102,0.102991102
"US_1169",12.55578371,12.7,12.06,13.38,"allvar","cindep",-0.144216289999999,0.144216289999999
"US_0046",9.620807666,9.25,8.73,9.8,"allvar","cindep",0.370807665999999,0.370807665999999
"US_0455",6.499657769,5.68,5.32,6.07,"allvar","cindep",0.819657769,0.819657769
"US_0942",9.210130048,9.14,8.57,9.76,"allvar","cindep",0.0701300479999993,0.0701300479999993
"US_1161",12.10951403,12.02,11.2,12.9,"allvar","cindep",0.0895140300000001,0.0895140300000001
"US_1089",12.83230664,13.17,12.49,13.9,"allvar","cindep",-0.337693359999999,0.337693359999999
"US_0389",6.767967146,6.98,6.48,7.53,"allvar","cindep",-0.212032854,0.212032854
"US_0311",14.091718,13.47,12.81,14.17,"allvar","cindep",0.621718,0.621718
"US_1309",16.78850103,20.26,17.74,23.25,"allvar","cindep",-3.47149897,3.47149897
"US_1184",21.04312115,17.56,15.02,20.43,"allvar","cindep",3.48312115,3.48312115
"US_0532",19.42778919,19.44,16.63,22.53,"allvar","cindep",-0.0122108100000027,0.0122108100000027
"US_0886",16.17522245,14.71,13.65,15.86,"allvar","cindep",1.46522245,1.46522245
"US_0069",1.341546886,1.3,1.15,1.47,"allvar","cindep",0.0415468859999999,0.0415468859999999
"US_0646",14.57084189,13.92,13.18,14.71,"allvar","cindep",0.650841890000001,0.650841890000001
"US_0881",15.26625599,14.25,13.5,15.07,"allvar","cindep",1.01625599,1.01625599
"US_0670",20.72279261,18.78,16.86,20.81,"allvar","cindep",1.94279261,1.94279261
"US_0353",20.58042437,20.58,18.24,23.55,"allvar","cindep",0.000424370000001062,0.000424370000001062
"US_1133",19.98631075,17.66,15.23,20.47,"allvar","cindep",2.32631075,2.32631075
"US_1143",18.9596167,17.66,15.23,20.47,"allvar","cindep",1.2996167,1.2996167
"US_1024",18.31895962,17.96,15.7,20.29,"allvar","cindep",0.35895962,0.35895962
"US_0707",1.171800137,1.37,1.22,1.55,"allvar","cindep",-0.198199863,0.198199863
"US_0530",1.771389459,1.74,1.56,1.94,"allvar","cindep",0.0313894590000001,0.0313894590000001
"US_0695",4.670773443,4.03,3.71,4.37,"allvar","cindep",0.640773443,0.640773443
"US_1239",16.57494867,14.8,13.96,15.71,"allvar","cindep",1.77494867,1.77494867
"US_0376",15.46338125,14.24,13.34,15.21,"allvar","cindep",1.22338125,1.22338125
"US_0706",16.40520192,14.56,13.77,15.4,"allvar","cindep",1.84520192,1.84520192
"US_1085",16.99110198,14.9,14.08,15.78,"allvar","cindep",2.09110198,2.09110198
"US_0210",18.62739726,14.79,13.98,15.66,"allvar","cindep",3.83739726,3.83739726
"US_0862",16.13963039,14.67,13.88,15.52,"allvar","cindep",1.46963039,1.46963039
"US_0419",16.84873374,14.52,13.7,15.41,"allvar","cindep",2.32873374,2.32873374
"US_0790",8.443531828,9.38,8.79,9.99,"allvar","cindep",-0.936468172000001,0.936468172000001
"US_1084",18.51232877,14.9,14.08,15.78,"allvar","cindep",3.61232877,3.61232877
"US_0244",18.65205479,14.84,14.04,15.7,"allvar","cindep",3.81205479,3.81205479
"US_0582",19.03901437,14.47,13.66,15.35,"allvar","cindep",4.56901437,4.56901437
"US_0965",20.06027397,15.18,14.33,16.09,"allvar","cindep",4.88027397,4.88027397
"US_0673",20.12054795,15.64,14.71,16.65,"allvar","cindep",4.48054795,4.48054795
"US_0442",18.80273973,15.02,14.2,15.9,"allvar","cindep",3.78273973,3.78273973
"US_0562",7.660506502,5.68,4.45,6.99,"allvar","cindep",1.980506502,1.980506502
"US_0155",4.44,5.12,4.68,5.61,"allvar","cindep",-0.68,0.68
"US_1288",20.95,13.3,12.39,14.27,"allvar","cindep",7.65,7.65
"US_0238",19.77,13.93,13.01,14.91,"allvar","cindep",5.84,5.84
"US_1039",18.6,13.86,12.94,14.84,"allvar","cindep",4.74,4.74
"US_0201",0.15,0.12,0.08,0.19,"allvar","cindep",0.03,0.03
"US_1097",5.42,4.32,3.9,4.79,"allvar","cindep",1.1,1.1
"US_0117",20.07,13.94,13.01,14.93,"allvar","cindep",6.13,6.13
"US_0947",14.8,12.47,11.57,13.43,"allvar","cindep",2.33,2.33
"US_0309",19.59,13.14,12.24,14.1,"allvar","cindep",6.45,6.45
"US_0876",4.41,4.93,4.46,5.46,"allvar","cindep",-0.52,0.52
"US_0589",0.19,0.19,0.14,0.27,"allvar","cindep",0,0
"US_0653",18.83,13.81,12.89,14.78,"allvar","cindep",5.02,5.02
"US_0137",15.12,11.16,10.31,12.07,"allvar","cindep",3.96,3.96
"US_0029",2.68,2.47,2.19,2.77,"allvar","cindep",0.21,0.21
"US_0198",5.82,4.59,4.15,5.08,"allvar","cindep",1.23,1.23
"US_0035",12.24,11.38,10.56,12.25,"allvar","cindep",0.859999999999999,0.859999999999999
"US_0787",11.06,10.69,9.94,11.48,"allvar","cindep",0.370000000000001,0.370000000000001
"US_0793",3.08,3.05,2.73,3.42,"allvar","cindep",0.0300000000000002,0.0300000000000002
"US_0177",19.06,13.05,12.15,14.02,"allvar","cindep",6.01,6.01
"US_0663",18.41,13.74,12.81,14.74,"allvar","cindep",4.67,4.67
"US_0417",0,0.06,0.03,0.11,"allvar","cindep",-0.06,0.06
"US_1107",20.38,13.4,12.45,14.4,"allvar","cindep",6.98,6.98
"US_0428",4.45,4.54,4.09,5.05,"allvar","cindep",-0.0899999999999999,0.0899999999999999
"US_0524",2.19,2.82,2.52,3.16,"allvar","cindep",-0.63,0.63
"US_0179",4.27,4.83,4.36,5.37,"allvar","cindep",-0.56,0.56
"US_0075",0.22,0.31,0.23,0.4,"allvar","cindep",-0.09,0.09
"US_0508",15.26,12.91,11.99,13.88,"allvar","cindep",2.35,2.35
"US_1018",12.88,12.75,11.86,13.69,"allvar","cindep",0.130000000000001,0.130000000000001
"US_0554",17.27,12.7,11.8,13.65,"allvar","cindep",4.57,4.57
"US_0931",0.43,0.33,0.25,0.42,"allvar","cindep",0.1,0.1
"US_0600",18.1,13.85,12.93,14.84,"allvar","cindep",4.25,4.25
"US_0819",0.62,0.78,0.66,0.93,"allvar","cindep",-0.16,0.16
"US_0857",18.84,13.2,12.31,14.15,"allvar","cindep",5.64,5.64
"US_0983",20.61,13.78,12.87,14.74,"allvar","cindep",6.83,6.83
"US_0087",0.34,0.3,0.23,0.39,"allvar","cindep",0.04,0.04
"US_0359",19.17,13.64,12.73,14.61,"allvar","cindep",5.53,5.53
"US_0868",0.53,0.53,0.43,0.65,"allvar","cindep",0,0
"US_0135",1.46,2.03,1.78,2.3,"allvar","cindep",-0.57,0.57
"US_0724",1.24,1.13,0.97,1.31,"allvar","cindep",0.11,0.11
"US_1210",3.75,5.08,4.59,5.63,"allvar","cindep",-1.33,1.33
"US_1299",0.19,0.29,0.22,0.38,"allvar","cindep",-0.1,0.1
"US_1179",1.63,1.25,1.08,1.45,"allvar","cindep",0.38,0.38
"US_0616",9.94,9.32,8.63,10.05,"allvar","cindep",0.619999999999999,0.619999999999999
"US_1263",0.18,0.18,0.13,0.26,"allvar","cindep",0,0
"US_1199",0.85,0.88,0.75,1.04,"allvar","cindep",-0.03,0.03
"US_0807",18.04,13.21,12.3,14.18,"allvar","cindep",4.83,4.83
"US_0182",12.29,10.13,9.3,11.01,"allvar","cindep",2.16,2.16
"US_0547",0.36,0.47,0.38,0.58,"allvar","cindep",-0.11,0.11
"US_0996",0.55,0.47,0.38,0.59,"allvar","cindep",0.0800000000000001,0.0800000000000001
"US_0444",0.27,0.17,0.12,0.24,"allvar","cindep",0.1,0.1
"US_0760",16.37,13.08,12.14,14.08,"allvar","cindep",3.29,3.29
"US_1101",2.11,2.2,1.95,2.49,"allvar","cindep",-0.0900000000000003,0.0900000000000003
"US_0330",19.8,12.7,11.79,13.68,"allvar","cindep",7.1,7.1
"US_1321",3.44,2.05,1.8,2.33,"allvar","cindep",1.39,1.39
"US_0915",1.087671233,1.07,0.89,1.28,"allvar","cdep",0.017671233,0.017671233
"US_0617",0.830136986,0.62,0.48,0.78,"allvar","cdep",0.210136986,0.210136986
"US_0092",0.219178082,0.32,0.19,0.49,"allvar","cdep",-0.100821918,0.100821918
"US_0372",0.394520548,0.34,0.22,0.49,"allvar","cdep",0.054520548,0.054520548
"US_1100",0.153424658,0.22,0.11,0.37,"allvar","cdep",-0.066575342,0.066575342
"US_0373",1.052054795,1.11,0.92,1.33,"allvar","cdep",-0.057945205,0.057945205
"US_0908",0.065753425,0.07,0.02,0.17,"allvar","cdep",-0.004246575,0.004246575
"US_0429",0.523287671,0.39,0.26,0.55,"allvar","cdep",0.133287671,0.133287671
"US_0929",1.421917808,1.06,0.88,1.27,"allvar","cdep",0.361917808,0.361917808
"US_0830",0.019178082,0.09,0.02,0.2,"allvar","cdep",-0.070821918,0.070821918
"US_1059",0.169863014,0.08,0.02,0.17,"allvar","cdep",0.089863014,0.089863014
"US_0204",4.139726027,3.72,3.34,4.15,"allvar","cdep",0.419726027,0.419726027
"US_1051",0.117808219,0.15,0.05,0.28,"allvar","cdep",-0.032191781,0.032191781
"US_0391",3.2,2.81,2.47,3.2,"allvar","cdep",0.39,0.39
"US_1027",4.824657534,5.84,5.22,6.54,"allvar","cdep",-1.015342466,1.015342466
"US_0361",0.282191781,0.28,0.18,0.41,"allvar","cdep",0.00219178099999995,0.00219178099999995
"US_0041",0.893150685,0.64,0.51,0.81,"allvar","cdep",0.253150685,0.253150685
"US_0307",1.909589041,2,1.71,2.34,"allvar","cdep",-0.090410959,0.090410959
"US_0459",0.104109589,0.22,0.11,0.37,"allvar","cdep",-0.115890411,0.115890411
"US_0590",3.449315068,3.3,2.93,3.72,"allvar","cdep",0.149315068,0.149315068
"US_0645",3.032876712,2.58,2.26,2.96,"allvar","cdep",0.452876712,0.452876712
"US_0025",2.967123288,2.63,2.31,3,"allvar","cdep",0.337123288,0.337123288
"US_0737",1.876712329,1.49,1.27,1.75,"allvar","cdep",0.386712329,0.386712329
"US_0200",2.969863014,3.49,3.12,3.9,"allvar","cdep",-0.520136986,0.520136986
"US_0008",0.446575342,0.24,0.15,0.36,"allvar","cdep",0.206575342,0.206575342
"US_0854",0.219178082,0.26,0.14,0.41,"allvar","cdep",-0.040821918,0.040821918
"US_0016",0.35890411,0.19,0.01,0.52,"allvar","cdep",0.16890411,0.16890411
"US_1127",1.61369863,1.63,1.35,1.97,"allvar","cdep",-0.0163013699999999,0.0163013699999999
"US_1311",0.254794521,0.4,0.26,0.57,"allvar","cdep",-0.145205479,0.145205479
"US_0477",1.149897331,1.03,0.82,1.29,"allvar","cdep",0.119897331,0.119897331
"US_0628",0.585900068,0.55,0.4,0.74,"allvar","cdep",0.035900068,0.035900068
"US_1115",0.490075291,0.62,0.45,0.83,"allvar","cdep",-0.129924709,0.129924709
"US_1231",0.709103354,0.75,0.58,0.96,"allvar","cdep",-0.040896646,0.040896646
"US_0196",0.082135524,0.14,0.04,0.28,"allvar","cdep",-0.057864476,0.057864476
"US_0328",18.46849315,16.79,14.47,19.3,"allvar","cdep",1.67849315,1.67849315
"US_1240",16.63518138,17.83,14.98,20.86,"allvar","cdep",-1.19481862,1.19481862
"US_1296",18.00684463,19.8,16.93,22.91,"allvar","cdep",-1.79315537,1.79315537
"US_0489",15.25256674,14.34,13.08,15.66,"allvar","cdep",0.912566740000001,0.912566740000001
"US_0004",3.832991102,3.9,3.51,4.33,"allvar","cdep",-0.0670088980000001,0.0670088980000001
"US_1169",12.55578371,14.46,12.97,16.09,"allvar","cdep",-1.90421629,1.90421629
"US_0046",9.620807666,8.5,7.59,9.5,"allvar","cdep",1.120807666,1.120807666
"US_0455",6.499657769,5.51,4.94,6.15,"allvar","cdep",0.989657769,0.989657769
"US_0942",9.210130048,9.02,8.04,10.12,"allvar","cdep",0.190130048,0.190130048
"US_1161",12.10951403,12.56,11.18,14.06,"allvar","cdep",-0.450485970000001,0.450485970000001
"US_1089",12.83230664,15.23,13.71,16.81,"allvar","cdep",-2.39769336,2.39769336
"US_0389",6.767967146,6.8,5.83,7.9,"allvar","cdep",-0.0320328539999997,0.0320328539999997
"US_0311",14.091718,15.76,14.33,17.26,"allvar","cdep",-1.668282,1.668282
"US_1309",16.78850103,19.8,16.93,22.91,"allvar","cdep",-3.01149897,3.01149897
"US_1184",21.04312115,17.76,14.83,20.83,"allvar","cdep",3.28312115,3.28312115
"US_0532",19.42778919,19.55,16.58,22.72,"allvar","cdep",-0.122210810000002,0.122210810000002
"US_0886",16.17522245,15.16,13.57,16.87,"allvar","cdep",1.01522245,1.01522245
"US_0069",1.341546886,1.44,1.2,1.72,"allvar","cdep",-0.098453114,0.098453114
"US_0646",14.57084189,16.59,14.96,18.25,"allvar","cdep",-2.01915811,2.01915811
"US_0881",15.26625599,16.78,15.17,18.44,"allvar","cdep",-1.51374401,1.51374401
"US_0670",20.72279261,18.85,16.55,21.18,"allvar","cdep",1.87279261,1.87279261
"US_0353",20.58042437,20.32,17.7,23.42,"allvar","cdep",0.260424369999999,0.260424369999999
"US_1133",19.98631075,17.83,14.98,20.86,"allvar","cdep",2.15631075,2.15631075
"US_1143",18.9596167,17.83,14.98,20.86,"allvar","cdep",1.1296167,1.1296167
"US_1024",18.31895962,18.15,15.6,20.65,"allvar","cdep",0.168959620000003,0.168959620000003
"US_0707",1.171800137,1.3,1.08,1.56,"allvar","cdep",-0.128199863,0.128199863
"US_0530",1.771389459,1.65,1.4,1.95,"allvar","cdep",0.121389459,0.121389459
"US_0695",4.670773443,4.2,3.7,4.76,"allvar","cdep",0.470773443,0.470773443
"US_1239",16.57494867,18.31,16.36,20.27,"allvar","cdep",-1.73505133,1.73505133
"US_0376",15.46338125,17.85,16.11,19.6,"allvar","cdep",-2.38661875,2.38661875
"US_0706",16.40520192,17.09,15.45,18.77,"allvar","cdep",-0.68479808,0.68479808
"US_1085",16.99110198,17.92,16.27,19.6,"allvar","cdep",-0.928898020000002,0.928898020000002
"US_0210",18.62739726,17.51,15.89,19.16,"allvar","cdep",1.11739726,1.11739726
"US_0862",16.13963039,17.33,15.72,18.98,"allvar","cdep",-1.19036961,1.19036961
"US_0419",16.84873374,18.55,16.79,20.31,"allvar","cdep",-1.70126626,1.70126626
"US_0790",8.443531828,9.57,8.37,10.88,"allvar","cdep",-1.126468172,1.126468172
"US_1084",18.51232877,17.92,16.27,19.6,"allvar","cdep",0.592328769999998,0.592328769999998
"US_0244",18.65205479,18.33,16.78,19.89,"allvar","cdep",0.322054790000003,0.322054790000003
"US_0582",19.03901437,18.19,16.47,19.93,"allvar","cdep",0.849014369999999,0.849014369999999
"US_0939",1.884931507,1.94,1.68,2.23,"allvar","cdep",-0.0550684930000001,0.0550684930000001
"US_0384",7.208219178,6.17,5.59,6.82,"allvar","cdep",1.038219178,1.038219178
"US_0553",8.871232877,8.86,8.04,9.77,"allvar","cdep",0.0112328770000012,0.0112328770000012
"US_1092",0.128767123,0.06,0.01,0.17,"allvar","cdep",0.068767123,0.068767123
"US_0113",13.23561644,14.66,13.17,16.23,"allvar","cdep",-1.42438356,1.42438356
"US_0630",0.410958904,0.58,0.43,0.77,"allvar","cdep",-0.169041096,0.169041096
"US_1155",0,0.02,0,0.05,"allvar","cdep",-0.02,0.02
"US_1302",0.660273973,0.44,0.32,0.59,"allvar","cdep",0.220273973,0.220273973
"US_0086",5.347945205,6.12,5.48,6.85,"allvar","cdep",-0.772054795,0.772054795
"US_0799",0.17260274,0.28,0.16,0.43,"allvar","cdep",-0.10739726,0.10739726
"US_0687",0.863013699,0.99,0.81,1.21,"allvar","cdep",-0.126986301,0.126986301
"US_1322",0.495890411,0.5,0.36,0.67,"allvar","cdep",-0.00410958900000002,0.00410958900000002
"US_1204",1.049315068,0.78,0.63,0.96,"allvar","cdep",0.269315068,0.269315068
"US_0434",1.589041096,1.82,1.55,2.14,"allvar","cdep",-0.230958904,0.230958904
"US_0011",3.153424658,3.47,3.08,3.91,"allvar","cdep",-0.316575342,0.316575342
"US_0111",3.04109589,3.59,3.18,4.06,"allvar","cdep",-0.54890411,0.54890411
"US_0472",3.654794521,4.11,3.67,4.6,"allvar","cdep",-0.455205479,0.455205479
"US_0335",4.312328767,4.74,4.2,5.35,"allvar","cdep",-0.427671233,0.427671233
"US_1224",5.706849315,6.92,6.24,7.69,"allvar","cdep",-1.213150685,1.213150685
"US_0958",5.961643836,6.47,5.85,7.16,"allvar","cdep",-0.508356163999999,0.508356163999999
"US_1075",7.917808219,8.31,7.45,9.27,"allvar","cdep",-0.392191781,0.392191781
"US_0357",7.890410959,7.94,7.11,8.87,"allvar","cdep",-0.0495890410000008,0.0495890410000008
"US_0320",9,9.73,8.77,10.79,"allvar","cdep",-0.73,0.73
"US_1170",9.112328767,7.32,6.6,8.12,"allvar","cdep",1.792328767,1.792328767
"US_0594",11.9890411,12.94,11.66,14.3,"allvar","cdep",-0.9509589,0.9509589
"US_0587",12.9890411,16.19,14.46,17.97,"allvar","cdep",-3.2009589,3.2009589
"US_0591",13.6630137,13.89,12.46,15.42,"allvar","cdep",-0.2269863,0.2269863
"US_0847",13.69863014,16.36,14.61,18.14,"allvar","cdep",-2.66136986,2.66136986
"US_0669",1.095890411,1.24,1.04,1.48,"allvar","cdep",-0.144109589,0.144109589
"US_0286",1.726027397,2.11,1.81,2.46,"allvar","cdep",-0.383972603,0.383972603
"US_0692",1.654794521,2.16,1.86,2.49,"allvar","cdep",-0.505205479,0.505205479
"US_1035",1.273972603,1.98,1.67,2.34,"allvar","cdep",-0.706027397,0.706027397
"US_0796",1.621917808,1.43,1.2,1.71,"allvar","cdep",0.191917808,0.191917808
"US_0256",14.36986301,15.68,14.05,17.38,"allvar","cdep",-1.31013699,1.31013699
"US_1099",14.47945205,13.62,12.28,15.08,"allvar","cdep",0.859452050000002,0.859452050000002
"US_1015",14.66027397,16.62,15.01,18.29,"allvar","cdep",-1.95972603,1.95972603
"US_0421",15.04109589,15.3,13.7,17,"allvar","cdep",-0.258904110000001,0.258904110000001
"US_0496",15.0739726,15.77,14.38,17.19,"allvar","cdep",-0.6960274,0.6960274
"US_0130",15.08493151,14.13,12.91,15.41,"allvar","cdep",0.95493151,0.95493151
"US_1255",16.07945205,17.78,15.98,19.59,"allvar","cdep",-1.70054795,1.70054795
"US_0686",16.90684932,18.49,16.66,20.31,"allvar","cdep",-1.58315068,1.58315068
"US_0710",16.98356164,17.08,15.4,18.8,"allvar","cdep",-0.0964383599999969,0.0964383599999969
"US_0944",17.73424658,18.49,16.61,20.39,"allvar","cdep",-0.755753419999998,0.755753419999998
"US_0504",18.49315068,17.25,15.33,19.2,"allvar","cdep",1.24315068,1.24315068
"US_0579",18.50684932,18.89,17.27,20.52,"allvar","cdep",-0.38315068,0.38315068
"US_0180",18.86027397,19.21,17.53,20.88,"allvar","cdep",-0.349726029999999,0.349726029999999
"US_0997",17.0109589,17.28,15.68,18.92,"allvar","cdep",-0.269041100000003,0.269041100000003
"US_1283",16.49315068,17.09,15.41,18.8,"allvar","cdep",-0.59684932,0.59684932
"US_0487",0.432876712,0.61,0.47,0.78,"allvar","cdep",-0.177123288,0.177123288
"US_0418",20.60273973,17.46,15.68,19.27,"allvar","cdep",3.14273973,3.14273973
"US_0160",19.76712329,17.89,16.16,19.64,"allvar","cdep",1.87712329,1.87712329
"US_0380",19.54794521,17.11,15.29,18.99,"allvar","cdep",2.43794521,2.43794521
"US_0777",17.17260274,17.33,15.72,18.97,"allvar","cdep",-0.15739726,0.15739726
"US_0940",19.59452055,17.11,15.29,18.99,"allvar","cdep",2.48452055,2.48452055
"US_1137",16.24109589,16.72,15.12,18.38,"allvar","cdep",-0.478904109999998,0.478904109999998
"US_0305",19.25,20.12,18.29,21.95,"allvar","cdep",-0.870000000000001,0.870000000000001
"US_1114",15.04931507,15.02,12.34,17.53,"allvar","cdep",0.0293150700000009,0.0293150700000009
"US_0720",17.61643836,18.55,16.79,20.31,"allvar","cdep",-0.933561640000001,0.933561640000001
"US_1068",17.6630137,17.03,15.44,18.66,"allvar","cdep",0.633013699999999,0.633013699999999
"US_1036",3.846575342,3.92,3.49,4.41,"allvar","cdep",-0.073424658,0.073424658
"US_0739",20.49589041,15.54,13.54,17.83,"allvar","cdep",4.95589041,4.95589041
"US_0397",18.79452055,17.87,16.21,19.56,"allvar","cdep",0.92452055,0.92452055
"US_0060",15.90958904,15.47,14.06,16.95,"allvar","cdep",0.43958904,0.43958904
"US_0920",3.093150685,3.26,2.87,3.71,"allvar","cdep",-0.166849315,0.166849315
"US_1298",13.71506849,15.48,13.83,17.2,"allvar","cdep",-1.76493151,1.76493151
"US_1228",13.1890411,14.79,13.33,16.31,"allvar","cdep",-1.6009589,1.6009589
"US_0963",15.63013699,15.17,13.36,17.19,"allvar","cdep",0.460136990000001,0.460136990000001
"US_0923",19.57260274,17.11,15.29,18.99,"allvar","cdep",2.46260274,2.46260274
"US_0751",20.17534247,17.89,16.16,19.64,"allvar","cdep",2.28534247,2.28534247
"US_0266",19.78630137,17.11,15.29,18.99,"allvar","cdep",2.67630137,2.67630137
"US_0370",19.29315068,18.31,16.36,20.27,"allvar","cdep",0.983150680000001,0.983150680000001
"US_1267",15.97534247,16.75,15.15,18.4,"allvar","cdep",-0.774657530000001,0.774657530000001
"US_0225",15.51506849,14.96,13.39,16.63,"allvar","cdep",0.55506849,0.55506849
"US_0913",18.6630137,17.28,15.6,18.99,"allvar","cdep",1.3830137,1.3830137
"US_0479",19.28219178,17.54,15.66,19.45,"allvar","cdep",1.74219178,1.74219178
"US_0716",18.50958904,17.28,15.55,19.04,"allvar","cdep",1.22958904,1.22958904
"US_1300",18.36438356,18.73,16.32,21.14,"allvar","cdep",-0.36561644,0.36561644
"US_1055",20.64109589,18.18,14.72,21.83,"allvar","cdep",2.46109589,2.46109589
"US_1001",0.019178082,0.02,0.01,0.05,"allvar","cdep",-0.000821918000000001,0.000821918000000001
"US_0596",0.032876712,0.01,0,0.05,"allvar","cdep",0.022876712,0.022876712
"US_0795",20.44383562,19.8,16.93,22.91,"allvar","cdep",0.643835620000001,0.643835620000001
"US_0813",0.032876712,0.12,0.01,0.27,"allvar","cdep",-0.087123288,0.087123288
"US_0215",0,0.03,0,0.09,"allvar","cdep",-0.03,0.03
"US_0005",20.11232877,18.18,14.72,21.83,"allvar","cdep",1.93232877,1.93232877
"US_0463",19.87123288,19.12,16.74,21.5,"allvar","cdep",0.75123288,0.75123288
"US_0440",19.38082192,17.83,14.98,20.86,"allvar","cdep",1.55082192,1.55082192
"US_1292",20.5890411,19.17,16.75,21.55,"allvar","cdep",1.4190411,1.4190411
"US_0965",20.06027397,19.06,17.42,20.7,"allvar","cdep",1.00027397,1.00027397
"US_0673",20.12054795,18.54,16.72,20.35,"allvar","cdep",1.58054795,1.58054795
"US_0442",18.80273973,18.68,17.06,20.3,"allvar","cdep",0.122739729999999,0.122739729999999
"US_0562",7.660506502,5.46,3.65,7.5,"allvar","cdep",2.200506502,2.200506502
"US_0155",4.44,4.35,3.82,4.96,"allvar","cdep",0.0900000000000007,0.0900000000000007
"US_1288",20.95,15.83,13.67,17.93,"allvar","cdep",5.12,5.12
"US_0238",19.77,16.43,14.38,18.42,"allvar","cdep",3.34,3.34
"US_1039",18.6,16.53,14.48,18.52,"allvar","cdep",2.07,2.07
"US_0201",0.15,0.41,0.26,0.6,"allvar","cdep",-0.26,0.26
"US_1097",5.42,4.39,3.79,5.1,"allvar","cdep",1.03,1.03
"US_0117",20.07,16.4,14.37,18.4,"allvar","cdep",3.67,3.67
"US_0947",14.8,14.89,12.66,17.11,"allvar","cdep",-0.0899999999999999,0.0899999999999999
"US_0309",19.59,16.06,13.9,18.15,"allvar","cdep",3.53,3.53
"US_0876",4.41,5.63,4.91,6.48,"allvar","cdep",-1.22,1.22
"US_0589",0.19,0.12,0.04,0.23,"allvar","cdep",0.07,0.07
"US_0653",18.83,16.49,14.46,18.49,"allvar","cdep",2.34,2.34
"US_0137",15.12,9.93,8.64,11.5,"allvar","cdep",5.19,5.19
"US_0029",2.68,2.23,1.88,2.63,"allvar","cdep",0.45,0.45
"US_0198",5.82,5.21,4.51,6.03,"allvar","cdep",0.61,0.61
"US_0035",12.24,14.32,12.18,16.63,"allvar","cdep",-2.08,2.08
"US_0787",11.06,10.26,8.82,12.03,"allvar","cdep",0.800000000000001,0.800000000000001
"US_0793",3.08,2.53,2.15,2.99,"allvar","cdep",0.55,0.55
"US_0177",19.06,15.95,13.79,18.04,"allvar","cdep",3.11,3.11
"US_0663",18.41,16.8,14.77,18.78,"allvar","cdep",1.61,1.61
"US_0417",0,0.11,0.01,0.26,"allvar","cdep",-0.11,0.11
"US_1107",20.38,16.81,14.69,18.86,"allvar","cdep",3.57,3.57
"US_0428",4.45,4.32,3.73,5.02,"allvar","cdep",0.13,0.13
"US_0524",2.19,2.72,2.33,3.18,"allvar","cdep",-0.53,0.53
"US_0179",4.27,3.6,3.12,4.18,"allvar","cdep",0.669999999999999,0.669999999999999
"US_0075",0.22,0.44,0.29,0.63,"allvar","cdep",-0.22,0.22
"US_0508",15.26,15.6,13.4,17.73,"allvar","cdep",-0.34,0.34
"US_1018",12.88,16.08,13.99,18.11,"allvar","cdep",-3.2,3.2
"US_0554",17.27,15.74,13.55,17.87,"allvar","cdep",1.53,1.53
"US_0931",0.43,0.42,0.28,0.59,"allvar","cdep",0.01,0.01
"US_0600",18.1,16.39,14.36,18.39,"allvar","cdep",1.71,1.71
"US_0819",0.62,1.01,0.8,1.27,"allvar","cdep",-0.39,0.39
"US_0857",18.84,16.47,14.41,18.47,"allvar","cdep",2.37,2.37
"US_0983",20.61,16.49,14.44,18.48,"allvar","cdep",4.12,4.12
"US_0087",0.34,0.4,0.26,0.57,"allvar","cdep",-0.06,0.06
"US_0359",19.17,16.61,14.61,18.56,"allvar","cdep",2.56,2.56
"US_0868",0.53,0.68,0.5,0.9,"allvar","cdep",-0.15,0.15
"US_0135",1.46,1.33,1.09,1.61,"allvar","cdep",0.13,0.13
"US_0724",1.24,0.94,0.74,1.19,"allvar","cdep",0.3,0.3
"US_1210",3.75,5.04,4.39,5.78,"allvar","cdep",-1.29,1.29
"US_1299",0.19,0.12,0.05,0.22,"allvar","cdep",0.07,0.07
"US_1179",1.63,1.01,0.8,1.26,"allvar","cdep",0.62,0.62
"US_0616",9.94,9.81,8.64,11.18,"allvar","cdep",0.129999999999999,0.129999999999999
"US_1263",0.18,0.21,0.09,0.37,"allvar","cdep",-0.03,0.03
"US_1199",0.85,0.89,0.69,1.12,"allvar","cdep",-0.04,0.04
"US_0807",18.04,16.51,14.45,18.51,"allvar","cdep",1.53,1.53
"US_0182",12.29,10.22,8.65,12.17,"allvar","cdep",2.07,2.07
"US_0547",0.36,0.48,0.33,0.67,"allvar","cdep",-0.12,0.12
"US_0996",0.55,0.25,0.14,0.39,"allvar","cdep",0.3,0.3
"US_0444",0.27,0.17,0.06,0.3,"allvar","cdep",0.1,0.1
"US_0760",16.37,15.92,13.87,17.91,"allvar","cdep",0.450000000000001,0.450000000000001
"US_1101",2.11,1.73,1.44,2.08,"allvar","cdep",0.38,0.38
"US_0330",19.8,16.24,14.09,18.32,"allvar","cdep",3.56,3.56
"US_1321",3.44,3.43,2.89,4.07,"allvar","cdep",0.00999999999999979,0.00999999999999979
